# Blender 4.2.4 LTS
# www.blender.org
mtllib solve.mtl
o Solve.mtl
v -0.575065 -170.225082 -14.891234
v -0.575055 -170.225082 14.891234
v 29.329794 -170.225082 14.891225
v 38.768719 -179.554626 14.891222
v 29.477306 -170.226547 14.891225
v 29.624771 -170.230682 14.891225
v 29.772133 -170.237396 14.891225
v 29.919359 -170.246643 14.891225
v 30.066402 -170.258362 14.891225
v 30.213226 -170.272552 14.891225
v 30.359791 -170.289154 14.891225
v 30.506054 -170.308136 14.891225
v 30.651985 -170.329514 14.891225
v 30.797541 -170.353241 14.891224
v 30.942688 -170.379288 14.891224
v 31.087389 -170.407669 14.891224
v 31.231613 -170.438339 14.891224
v 31.375320 -170.471283 14.891224
v 31.518478 -170.506485 14.891224
v 31.661053 -170.543930 14.891224
v 31.803013 -170.583588 14.891224
v 31.944324 -170.625473 14.891224
v 32.084949 -170.669525 14.891224
v 32.224861 -170.715759 14.891224
v 32.364029 -170.764130 14.891224
v 32.502419 -170.814636 14.891224
v 32.639996 -170.867249 14.891224
v 32.776737 -170.921982 14.891224
v 32.912609 -170.978775 14.891224
v 33.047581 -171.037628 14.891224
v 33.181618 -171.098526 14.891224
v 33.314697 -171.161453 14.891224
v 33.446789 -171.226364 14.891224
v 33.577862 -171.293274 14.891224
v 33.707890 -171.362152 14.891223
v 33.836845 -171.432968 14.891223
v 33.964695 -171.505722 14.891223
v 34.091415 -171.580368 14.891223
v 34.216980 -171.656906 14.891223
v 34.341358 -171.735321 14.891223
v 34.464527 -171.815582 14.891223
v 34.586456 -171.897659 14.891223
v 34.707123 -171.981537 14.891223
v 34.826496 -172.067215 14.891223
v 34.944553 -172.154633 14.891223
v 35.061272 -172.243805 14.891223
v 35.176620 -172.334717 14.891223
v 35.290577 -172.427307 14.891223
v 35.403118 -172.521591 14.891223
v 35.514217 -172.617508 14.891223
v 35.623852 -172.715088 14.891223
v 35.731995 -172.814255 14.891223
v 35.838627 -172.915024 14.891223
v 35.943718 -173.017349 14.891223
v 36.047249 -173.121231 14.891223
v 36.149193 -173.226624 14.891223
v 36.249531 -173.333511 14.891223
v 36.348240 -173.441879 14.891223
v 36.445293 -173.551697 14.891223
v 36.540676 -173.662918 14.891223
v 36.634357 -173.775558 14.891222
v 36.726322 -173.889587 14.891222
v 36.816544 -174.004944 14.891222
v 36.905003 -174.121628 14.891222
v 36.991676 -174.239609 14.891222
v 37.076546 -174.358887 14.891222
v 37.159588 -174.479401 14.891222
v 37.240780 -174.601135 14.891222
v 37.320110 -174.724075 14.891222
v 37.397549 -174.848175 14.891222
v 37.473072 -174.973434 14.891222
v 37.546673 -175.099808 14.891222
v 37.618324 -175.227264 14.891222
v 37.688007 -175.355804 14.891222
v 37.755699 -175.485352 14.891222
v 37.821384 -175.615906 14.891222
v 37.885044 -175.747452 14.891222
v 37.946655 -175.879929 14.891222
v 38.006203 -176.013351 14.891222
v 38.063667 -176.147644 14.891222
v 38.119030 -176.282776 14.891222
v 38.172268 -176.418762 14.891222
v 38.223370 -176.555557 14.891222
v 38.272312 -176.693100 14.891222
v 38.319077 -176.831406 14.891222
v 38.363651 -176.970398 14.891222
v 38.406013 -177.110077 14.891222
v 38.446144 -177.250381 14.891222
v 38.484024 -177.391312 14.891222
v 38.519638 -177.532806 14.891222
v 38.552975 -177.674850 14.891222
v 38.584000 -177.817413 14.891222
v 38.612705 -177.960434 14.891222
v 38.639072 -178.103897 14.891222
v 38.663074 -178.247772 14.891222
v 38.684696 -178.391998 14.891222
v 38.703918 -178.536575 14.891222
v 38.720711 -178.681427 14.891222
v 38.735054 -178.826553 14.891222
v 38.746918 -178.971909 14.891222
v 38.756268 -179.117416 14.891222
v 38.763069 -179.263062 14.891222
v 38.767254 -179.408844 14.891222
v 38.768711 -179.554626 -14.891247
v 29.329782 -170.225082 -14.891244
v 38.767246 -179.408844 -14.891247
v 38.763062 -179.263062 -14.891247
v 38.756260 -179.117416 -14.891247
v 38.746910 -178.971909 -14.891247
v 38.735046 -178.826553 -14.891247
v 38.720703 -178.681427 -14.891247
v 38.703911 -178.536575 -14.891247
v 38.684689 -178.391998 -14.891247
v 38.663067 -178.247772 -14.891247
v 38.639065 -178.103897 -14.891247
v 38.612698 -177.960434 -14.891247
v 38.583992 -177.817413 -14.891247
v 38.552967 -177.674850 -14.891247
v 38.519630 -177.532806 -14.891247
v 38.484016 -177.391312 -14.891247
v 38.446136 -177.250381 -14.891247
v 38.406006 -177.110077 -14.891247
v 38.363644 -176.970398 -14.891247
v 38.319069 -176.831406 -14.891247
v 38.272305 -176.693100 -14.891247
v 38.223362 -176.555557 -14.891247
v 38.172260 -176.418762 -14.891247
v 38.119022 -176.282776 -14.891247
v 38.063660 -176.147644 -14.891247
v 38.006195 -176.013351 -14.891247
v 37.946648 -175.879929 -14.891247
v 37.885036 -175.747452 -14.891247
v 37.821377 -175.615906 -14.891247
v 37.755692 -175.485352 -14.891247
v 37.688000 -175.355804 -14.891247
v 37.618317 -175.227264 -14.891247
v 37.546665 -175.099808 -14.891247
v 37.473064 -174.973434 -14.891247
v 37.397541 -174.848175 -14.891247
v 37.320103 -174.724075 -14.891247
v 37.240772 -174.601135 -14.891247
v 37.159580 -174.479401 -14.891247
v 37.076538 -174.358887 -14.891247
v 36.991669 -174.239609 -14.891247
v 36.904995 -174.121628 -14.891247
v 36.816536 -174.004944 -14.891247
v 36.726315 -173.889587 -14.891247
v 36.634350 -173.775558 -14.891247
v 36.540668 -173.662918 -14.891246
v 36.445286 -173.551697 -14.891246
v 36.348232 -173.441879 -14.891246
v 36.249523 -173.333511 -14.891246
v 36.149185 -173.226624 -14.891246
v 36.047241 -173.121231 -14.891246
v 35.943710 -173.017349 -14.891246
v 35.838619 -172.915024 -14.891246
v 35.731987 -172.814255 -14.891246
v 35.623844 -172.715088 -14.891246
v 35.514210 -172.617508 -14.891246
v 35.403111 -172.521591 -14.891246
v 35.290569 -172.427307 -14.891246
v 35.176613 -172.334717 -14.891246
v 35.061264 -172.243805 -14.891246
v 34.944546 -172.154633 -14.891246
v 34.826488 -172.067215 -14.891246
v 34.707115 -171.981537 -14.891246
v 34.586449 -171.897659 -14.891246
v 34.464520 -171.815582 -14.891246
v 34.341351 -171.735321 -14.891246
v 34.216972 -171.656906 -14.891246
v 34.091408 -171.580368 -14.891246
v 33.964687 -171.505722 -14.891246
v 33.836838 -171.432968 -14.891246
v 33.707882 -171.362152 -14.891246
v 33.577854 -171.293274 -14.891245
v 33.446781 -171.226364 -14.891245
v 33.314690 -171.161453 -14.891245
v 33.181610 -171.098526 -14.891245
v 33.047573 -171.037628 -14.891245
v 32.912601 -170.978775 -14.891245
v 32.776730 -170.921982 -14.891245
v 32.639988 -170.867249 -14.891245
v 32.502411 -170.814636 -14.891245
v 32.364021 -170.764130 -14.891245
v 32.224854 -170.715759 -14.891245
v 32.084942 -170.669525 -14.891245
v 31.944313 -170.625473 -14.891245
v 31.803001 -170.583588 -14.891245
v 31.661041 -170.543930 -14.891245
v 31.518467 -170.506485 -14.891245
v 31.375309 -170.471283 -14.891245
v 31.231602 -170.438339 -14.891245
v 31.087378 -170.407669 -14.891245
v 30.942677 -170.379288 -14.891245
v 30.797529 -170.353241 -14.891245
v 30.651974 -170.329514 -14.891244
v 30.506042 -170.308136 -14.891244
v 30.359779 -170.289154 -14.891244
v 30.213215 -170.272552 -14.891244
v 30.066391 -170.258362 -14.891244
v 29.919348 -170.246643 -14.891244
v 29.772121 -170.237396 -14.891244
v 29.624760 -170.230682 -14.891244
v 29.477295 -170.226547 -14.891244
v 38.768719 -230.670471 14.891222
v 29.329794 -240.000000 14.891225
v 38.767254 -230.816284 14.891222
v 38.763069 -230.962021 14.891222
v 38.756268 -231.107681 14.891222
v 38.746918 -231.253204 14.891222
v 38.735054 -231.398544 14.891222
v 38.720711 -231.543671 14.891222
v 38.703918 -231.688538 14.891222
v 38.684696 -231.833099 14.891222
v 38.663074 -231.977341 14.891222
v 38.639072 -232.121201 14.891222
v 38.612705 -232.264664 14.891222
v 38.584000 -232.407700 14.891222
v 38.552975 -232.550247 14.891222
v 38.519638 -232.692291 14.891222
v 38.484024 -232.833786 14.891222
v 38.446144 -232.974716 14.891222
v 38.406013 -233.115021 14.891222
v 38.363651 -233.254700 14.891222
v 38.319077 -233.393692 14.891222
v 38.272312 -233.531998 14.891222
v 38.223370 -233.669540 14.891222
v 38.172268 -233.806335 14.891222
v 38.119030 -233.942307 14.891222
v 38.063667 -234.077469 14.891222
v 38.006203 -234.211761 14.891222
v 37.946655 -234.345154 14.891222
v 37.885044 -234.477646 14.891222
v 37.821384 -234.609192 14.891222
v 37.755699 -234.739746 14.891222
v 37.688007 -234.869293 14.891222
v 37.618324 -234.997818 14.891222
v 37.546673 -235.125290 14.891222
v 37.473072 -235.251663 14.891222
v 37.397549 -235.376923 14.891222
v 37.320110 -235.501022 14.891222
v 37.240780 -235.623962 14.891222
v 37.159588 -235.745697 14.891222
v 37.076546 -235.866211 14.891222
v 36.991676 -235.985489 14.891222
v 36.905003 -236.103455 14.891222
v 36.816544 -236.220154 14.891222
v 36.726322 -236.335510 14.891222
v 36.634357 -236.449524 14.891222
v 36.540676 -236.562180 14.891223
v 36.445293 -236.673401 14.891223
v 36.348240 -236.783218 14.891223
v 36.249531 -236.891586 14.891223
v 36.149193 -236.998474 14.891223
v 36.047249 -237.103867 14.891223
v 35.943718 -237.207733 14.891223
v 35.838627 -237.310074 14.891223
v 35.731995 -237.410843 14.891223
v 35.623852 -237.510010 14.891223
v 35.514217 -237.607590 14.891223
v 35.403118 -237.703506 14.891223
v 35.290577 -237.797775 14.891223
v 35.176620 -237.890381 14.891223
v 35.061272 -237.981262 14.891223
v 34.944553 -238.070435 14.891223
v 34.826496 -238.157883 14.891223
v 34.707123 -238.243546 14.891223
v 34.586456 -238.327438 14.891223
v 34.464527 -238.409515 14.891223
v 34.341358 -238.489761 14.891223
v 34.216980 -238.568176 14.891223
v 34.091415 -238.644730 14.891223
v 33.964695 -238.719376 14.891223
v 33.836845 -238.792130 14.891223
v 33.707890 -238.862946 14.891223
v 33.577862 -238.931808 14.891224
v 33.446789 -238.998734 14.891224
v 33.314697 -239.063644 14.891224
v 33.181618 -239.126572 14.891224
v 33.047581 -239.187469 14.891224
v 32.912609 -239.246323 14.891224
v 32.776737 -239.303116 14.891224
v 32.639996 -239.357849 14.891224
v 32.502419 -239.410461 14.891224
v 32.364029 -239.460968 14.891224
v 32.224861 -239.509338 14.891224
v 32.084949 -239.555573 14.891224
v 31.944324 -239.599625 14.891224
v 31.803013 -239.641510 14.891224
v 31.661053 -239.681168 14.891224
v 31.518478 -239.718613 14.891224
v 31.375320 -239.753815 14.891224
v 31.231613 -239.786758 14.891224
v 31.087389 -239.817429 14.891224
v 30.942688 -239.845810 14.891224
v 30.797541 -239.871857 14.891224
v 30.651985 -239.895584 14.891225
v 30.506054 -239.916946 14.891225
v 30.359791 -239.935944 14.891225
v 30.213226 -239.952545 14.891225
v 30.066402 -239.966736 14.891225
v 29.919359 -239.978455 14.891225
v 29.772133 -239.987701 14.891225
v 29.624771 -239.994415 14.891225
v 29.477306 -239.998550 14.891225
v 29.329782 -240.000000 -14.891244
v 38.768711 -230.670471 -14.891247
v 29.477295 -239.998550 -14.891244
v 29.624760 -239.994415 -14.891244
v 29.772121 -239.987701 -14.891244
v 29.919348 -239.978455 -14.891244
v 30.066391 -239.966736 -14.891244
v 30.213215 -239.952545 -14.891244
v 30.359779 -239.935944 -14.891244
v 30.506042 -239.916946 -14.891244
v 30.651974 -239.895584 -14.891244
v 30.797529 -239.871857 -14.891245
v 30.942677 -239.845810 -14.891245
v 31.087378 -239.817429 -14.891245
v 31.231602 -239.786758 -14.891245
v 31.375309 -239.753815 -14.891245
v 31.518467 -239.718613 -14.891245
v 31.661041 -239.681168 -14.891245
v 31.803001 -239.641510 -14.891245
v 31.944313 -239.599625 -14.891245
v 32.084942 -239.555573 -14.891245
v 32.224854 -239.509338 -14.891245
v 32.364021 -239.460968 -14.891245
v 32.502411 -239.410461 -14.891245
v 32.639988 -239.357849 -14.891245
v 32.776730 -239.303116 -14.891245
v 32.912601 -239.246323 -14.891245
v 33.047573 -239.187469 -14.891245
v 33.181610 -239.126572 -14.891245
v 33.314690 -239.063644 -14.891245
v 33.446781 -238.998734 -14.891245
v 33.577854 -238.931808 -14.891245
v 33.707882 -238.862946 -14.891246
v 33.836838 -238.792130 -14.891246
v 33.964687 -238.719376 -14.891246
v 34.091408 -238.644730 -14.891246
v 34.216972 -238.568176 -14.891246
v 34.341351 -238.489761 -14.891246
v 34.464520 -238.409515 -14.891246
v 34.586449 -238.327438 -14.891246
v 34.707115 -238.243546 -14.891246
v 34.826488 -238.157883 -14.891246
v 34.944546 -238.070435 -14.891246
v 35.061264 -237.981262 -14.891246
v 35.176613 -237.890381 -14.891246
v 35.290569 -237.797775 -14.891246
v 35.403111 -237.703506 -14.891246
v 35.514210 -237.607590 -14.891246
v 35.623844 -237.510010 -14.891246
v 35.731987 -237.410843 -14.891246
v 35.838619 -237.310074 -14.891246
v 35.943710 -237.207733 -14.891246
v 36.047241 -237.103867 -14.891246
v 36.149185 -236.998474 -14.891246
v 36.249523 -236.891586 -14.891246
v 36.348232 -236.783218 -14.891246
v 36.445286 -236.673401 -14.891246
v 36.540668 -236.562180 -14.891246
v 36.634350 -236.449524 -14.891247
v 36.726315 -236.335510 -14.891247
v 36.816536 -236.220154 -14.891247
v 36.904995 -236.103455 -14.891247
v 36.991669 -235.985489 -14.891247
v 37.076538 -235.866211 -14.891247
v 37.159580 -235.745697 -14.891247
v 37.240772 -235.623962 -14.891247
v 37.320103 -235.501022 -14.891247
v 37.397541 -235.376923 -14.891247
v 37.473064 -235.251663 -14.891247
v 37.546665 -235.125290 -14.891247
v 37.618317 -234.997818 -14.891247
v 37.688000 -234.869293 -14.891247
v 37.755692 -234.739746 -14.891247
v 37.821377 -234.609192 -14.891247
v 37.885036 -234.477646 -14.891247
v 37.946648 -234.345154 -14.891247
v 38.006195 -234.211761 -14.891247
v 38.063660 -234.077469 -14.891247
v 38.119022 -233.942307 -14.891247
v 38.172260 -233.806335 -14.891247
v 38.223362 -233.669540 -14.891247
v 38.272305 -233.531998 -14.891247
v 38.319069 -233.393692 -14.891247
v 38.363644 -233.254700 -14.891247
v 38.406006 -233.115021 -14.891247
v 38.446136 -232.974716 -14.891247
v 38.484016 -232.833786 -14.891247
v 38.519630 -232.692291 -14.891247
v 38.552967 -232.550247 -14.891247
v 38.583992 -232.407700 -14.891247
v 38.612698 -232.264664 -14.891247
v 38.639065 -232.121201 -14.891247
v 38.663067 -231.977341 -14.891247
v 38.684689 -231.833099 -14.891247
v 38.703911 -231.688538 -14.891247
v 38.720703 -231.543671 -14.891247
v 38.735046 -231.398544 -14.891247
v 38.746910 -231.253204 -14.891247
v 38.756260 -231.107681 -14.891247
v 38.763062 -230.962021 -14.891247
v 38.767246 -230.816284 -14.891247
v 18.691729 -170.225098 13.091261
v 13.676366 -165.267838 8.176560
v 18.612951 -170.224487 13.014065
v 18.534193 -170.222672 12.936886
v 18.455473 -170.219589 12.859747
v 18.376812 -170.215332 12.782664
v 18.298227 -170.209824 12.705658
v 18.219742 -170.203110 12.628748
v 18.141373 -170.195175 12.551950
v 18.063137 -170.186005 12.475286
v 17.985058 -170.175659 12.398773
v 17.907154 -170.164078 12.322432
v 17.829443 -170.151276 12.246282
v 17.751944 -170.137283 12.170339
v 17.674677 -170.122116 12.094623
v 17.597662 -170.105713 12.019153
v 17.520916 -170.088135 11.943947
v 17.444460 -170.069351 11.869024
v 17.368311 -170.049393 11.794404
v 17.292490 -170.028275 11.720103
v 17.217010 -170.005951 11.646141
v 17.141897 -169.982468 11.572535
v 17.067165 -169.957840 11.499304
v 16.992836 -169.932022 11.426465
v 16.918924 -169.905075 11.354037
v 16.845451 -169.876984 11.282039
v 16.772434 -169.847748 11.210485
v 16.699888 -169.817383 11.139398
v 16.627836 -169.785919 11.068790
v 16.556292 -169.753311 10.998682
v 16.485275 -169.719604 10.929090
v 16.414803 -169.684799 10.860034
v 16.344893 -169.648911 10.791526
v 16.275560 -169.611923 10.723585
v 16.206825 -169.573883 10.656229
v 16.138702 -169.534775 10.589475
v 16.071211 -169.494614 10.523337
v 16.004364 -169.453384 10.457833
v 15.938182 -169.411163 10.392980
v 15.872678 -169.367889 10.328791
v 15.807871 -169.323624 10.265284
v 15.743773 -169.278351 10.202473
v 15.680404 -169.232086 10.140376
v 15.617778 -169.184845 10.079007
v 15.555910 -169.136642 10.018381
v 15.494817 -169.087479 9.958513
v 15.434512 -169.037384 9.899419
v 15.375010 -168.986359 9.841111
v 15.316327 -168.934402 9.783607
v 15.258477 -168.881546 9.726916
v 15.201474 -168.827774 9.671059
v 15.145331 -168.773148 9.616043
v 15.090065 -168.717667 9.561885
v 15.035686 -168.661331 9.508599
v 14.982210 -168.604141 9.456196
v 14.929650 -168.546143 9.404691
v 14.878016 -168.487335 9.354093
v 14.827326 -168.427719 9.304420
v 14.777588 -168.367325 9.255679
v 14.728816 -168.306198 9.207886
v 14.681021 -168.244293 9.161051
v 14.634215 -168.181641 9.115185
v 14.588411 -168.118301 9.070299
v 14.543621 -168.054245 9.026408
v 14.499853 -167.989502 8.983519
v 14.457119 -167.924088 8.941642
v 14.415429 -167.858002 8.900789
v 14.374796 -167.791306 8.860972
v 14.335227 -167.723969 8.822197
v 14.296734 -167.656036 8.784476
v 14.259324 -167.587509 8.747818
v 14.223009 -167.518402 8.712231
v 14.187797 -167.448746 8.677725
v 14.153693 -167.378540 8.644307
v 14.120710 -167.307846 8.611986
v 14.088857 -167.236618 8.580771
v 14.058139 -167.164917 8.550671
v 14.028562 -167.092743 8.521688
v 14.000138 -167.020111 8.493834
v 13.972871 -166.947052 8.467113
v 13.946769 -166.873596 8.441535
v 13.921835 -166.799744 8.417103
v 13.898082 -166.725494 8.393825
v 13.875508 -166.650894 8.371704
v 13.854124 -166.575943 8.350750
v 13.833933 -166.500687 8.330964
v 13.814941 -166.425110 8.312353
v 13.797153 -166.349243 8.294922
v 13.780573 -166.273132 8.278674
v 13.765203 -166.196762 8.263613
v 13.751049 -166.120148 8.249743
v 13.738114 -166.043350 8.237068
v 13.726402 -165.966339 8.225591
v 13.715915 -165.889175 8.215314
v 13.706655 -165.811844 8.206240
v 13.698625 -165.734375 8.198371
v 13.691829 -165.656799 8.191711
v 13.686264 -165.579117 8.186259
v 13.681934 -165.501389 8.182016
v 13.678843 -165.423569 8.178986
v 13.676986 -165.345718 8.177167
v 18.691721 -170.225098 -13.091272
v 13.676360 -165.267838 -8.176568
v 18.612944 -170.224487 -13.014076
v 18.534185 -170.222672 -12.936897
v 18.455465 -170.219589 -12.859758
v 18.376804 -170.215332 -12.782676
v 18.298220 -170.209824 -12.705669
v 18.219734 -170.203110 -12.628759
v 18.141365 -170.195175 -12.551962
v 18.063129 -170.186005 -12.475297
v 17.985050 -170.175659 -12.398785
v 17.907146 -170.164078 -12.322443
v 17.829435 -170.151276 -12.246293
v 17.751936 -170.137283 -12.170350
v 17.674669 -170.122116 -12.094634
v 17.597654 -170.105713 -12.019164
v 17.520908 -170.088135 -11.943958
v 17.444452 -170.069351 -11.869036
v 17.368303 -170.049393 -11.794415
v 17.292482 -170.028275 -11.720115
v 17.217003 -170.005951 -11.646152
v 17.141890 -169.982468 -11.572546
v 17.067158 -169.957840 -11.499315
v 16.992828 -169.932022 -11.426476
v 16.918917 -169.905075 -11.354049
v 16.845444 -169.876984 -11.282050
v 16.772427 -169.847748 -11.210497
v 16.699881 -169.817383 -11.139409
v 16.627829 -169.785919 -11.068802
v 16.556284 -169.753311 -10.998693
v 16.485268 -169.719604 -10.929102
v 16.414795 -169.684799 -10.860045
v 16.344885 -169.648911 -10.791537
v 16.275553 -169.611923 -10.723597
v 16.206818 -169.573883 -10.656240
v 16.138695 -169.534775 -10.589486
v 16.071203 -169.494614 -10.523347
v 16.004356 -169.453384 -10.457843
v 15.938174 -169.411163 -10.392988
v 15.872670 -169.367889 -10.328798
v 15.807863 -169.323624 -10.265292
v 15.743768 -169.278351 -10.202481
v 15.680398 -169.232086 -10.140385
v 15.617772 -169.184845 -10.079016
v 15.555904 -169.136642 -10.018390
v 15.494811 -169.087479 -9.958522
v 15.434506 -169.037384 -9.899427
v 15.375005 -168.986359 -9.841120
v 15.316321 -168.934402 -9.783614
v 15.258471 -168.881546 -9.726925
v 15.201468 -168.827774 -9.671067
v 15.145326 -168.773148 -9.616051
v 15.090059 -168.717667 -9.561893
v 15.035681 -168.661331 -9.508607
v 14.982204 -168.604141 -9.456203
v 14.929645 -168.546143 -9.404698
v 14.878011 -168.487335 -9.354101
v 14.827320 -168.427719 -9.304428
v 14.777582 -168.367325 -9.255688
v 14.728810 -168.306198 -9.207894
v 14.681015 -168.244293 -9.161059
v 14.634210 -168.181641 -9.115192
v 14.588406 -168.118301 -9.070308
v 14.543615 -168.054245 -9.026417
v 14.499847 -167.989502 -8.983527
v 14.457113 -167.924088 -8.941650
v 14.415423 -167.858002 -8.900798
v 14.374790 -167.791306 -8.860980
v 14.335221 -167.723969 -8.822206
v 14.296728 -167.656036 -8.784485
v 14.259318 -167.587509 -8.747827
v 14.223003 -167.518402 -8.712239
v 14.187791 -167.448746 -8.677733
v 14.153687 -167.378540 -8.644315
v 14.120705 -167.307846 -8.611995
v 14.088851 -167.236618 -8.580780
v 14.058133 -167.164917 -8.550678
v 14.028556 -167.092743 -8.521695
v 14.000133 -167.020111 -8.493842
v 13.972865 -166.947052 -8.467121
v 13.946763 -166.873596 -8.441544
v 13.921829 -166.799744 -8.417110
v 13.898076 -166.725494 -8.393832
v 13.875503 -166.650894 -8.371713
v 13.854118 -166.575943 -8.350759
v 13.833927 -166.500687 -8.330972
v 13.814936 -166.425110 -8.312362
v 13.797148 -166.349243 -8.294930
v 13.780567 -166.273132 -8.278683
v 13.765197 -166.196762 -8.263621
v 13.751043 -166.120148 -8.249751
v 13.738109 -166.043350 -8.237077
v 13.726397 -165.966339 -8.225599
v 13.715909 -165.889175 -8.215322
v 13.706649 -165.811844 -8.206247
v 13.698619 -165.734375 -8.198380
v 13.691823 -165.656799 -8.191719
v 13.686258 -165.579117 -8.186267
v 13.681929 -165.501389 -8.182024
v 13.678837 -165.423569 -8.178994
v 13.676980 -165.345718 -8.177175
v -0.575064 -170.225082 -13.091267
v -0.575056 -170.225082 13.091267
v -30.479900 -170.225082 14.891244
v -39.918827 -179.554626 14.891248
v -30.627413 -170.226547 14.891244
v -30.774878 -170.230682 14.891245
v -30.922239 -170.237396 14.891245
v -31.069466 -170.246643 14.891245
v -31.216509 -170.258362 14.891245
v -31.363333 -170.272552 14.891245
v -31.509895 -170.289154 14.891245
v -31.656160 -170.308136 14.891245
v -31.802092 -170.329514 14.891245
v -31.947647 -170.353241 14.891245
v -32.092796 -170.379288 14.891245
v -32.237499 -170.407669 14.891245
v -32.381721 -170.438339 14.891245
v -32.525429 -170.471283 14.891245
v -32.668587 -170.506485 14.891245
v -32.811161 -170.543930 14.891245
v -32.953121 -170.583588 14.891245
v -33.094433 -170.625473 14.891245
v -33.235058 -170.669525 14.891245
v -33.374969 -170.715759 14.891245
v -33.514137 -170.764130 14.891245
v -33.652527 -170.814636 14.891245
v -33.790104 -170.867249 14.891246
v -33.926849 -170.921982 14.891246
v -34.062717 -170.978775 14.891246
v -34.197689 -171.037628 14.891246
v -34.331730 -171.098526 14.891246
v -34.464809 -171.161453 14.891246
v -34.596897 -171.226364 14.891246
v -34.727974 -171.293274 14.891246
v -34.858002 -171.362152 14.891246
v -34.986954 -171.432968 14.891246
v -35.114807 -171.505722 14.891246
v -35.241528 -171.580368 14.891246
v -35.367088 -171.656906 14.891246
v -35.491470 -171.735321 14.891246
v -35.614635 -171.815582 14.891246
v -35.736565 -171.897659 14.891246
v -35.857231 -171.981537 14.891246
v -35.976604 -172.067215 14.891246
v -36.094662 -172.154633 14.891246
v -36.211380 -172.243805 14.891246
v -36.326733 -172.334717 14.891246
v -36.440689 -172.427307 14.891246
v -36.553230 -172.521591 14.891246
v -36.664330 -172.617508 14.891247
v -36.773964 -172.715088 14.891247
v -36.882107 -172.814255 14.891247
v -36.988735 -172.915024 14.891247
v -37.093830 -173.017349 14.891247
v -37.197357 -173.121231 14.891247
v -37.299301 -173.226624 14.891247
v -37.399643 -173.333511 14.891247
v -37.498348 -173.441879 14.891247
v -37.595406 -173.551697 14.891247
v -37.690784 -173.662918 14.891247
v -37.784470 -173.775558 14.891247
v -37.876434 -173.889587 14.891247
v -37.966652 -174.004944 14.891247
v -38.055115 -174.121628 14.891247
v -38.141788 -174.239609 14.891247
v -38.226654 -174.358887 14.891247
v -38.309700 -174.479401 14.891247
v -38.390888 -174.601135 14.891247
v -38.470219 -174.724075 14.891247
v -38.547657 -174.848175 14.891247
v -38.623184 -174.973434 14.891247
v -38.696785 -175.099808 14.891247
v -38.768436 -175.227264 14.891247
v -38.838116 -175.355804 14.891247
v -38.905811 -175.485352 14.891247
v -38.971497 -175.615906 14.891247
v -39.035156 -175.747452 14.891247
v -39.096767 -175.879929 14.891247
v -39.156315 -176.013351 14.891247
v -39.213779 -176.147644 14.891247
v -39.269138 -176.282776 14.891247
v -39.322380 -176.418762 14.891247
v -39.373482 -176.555557 14.891247
v -39.422424 -176.693100 14.891247
v -39.469189 -176.831406 14.891247
v -39.513763 -176.970398 14.891248
v -39.556126 -177.110077 14.891248
v -39.596252 -177.250381 14.891248
v -39.634136 -177.391312 14.891248
v -39.669750 -177.532806 14.891248
v -39.703083 -177.674850 14.891248
v -39.734108 -177.817413 14.891248
v -39.762814 -177.960434 14.891248
v -39.789181 -178.103897 14.891248
v -39.813183 -178.247772 14.891248
v -39.834805 -178.391998 14.891248
v -39.854027 -178.536575 14.891248
v -39.870823 -178.681427 14.891248
v -39.885162 -178.826553 14.891248
v -39.897030 -178.971909 14.891248
v -39.906380 -179.117416 14.891248
v -39.913177 -179.263062 14.891248
v -39.917362 -179.408844 14.891248
v -39.918835 -179.554626 -14.891221
v -30.479912 -170.225082 -14.891225
v -39.917370 -179.408844 -14.891221
v -39.913185 -179.263062 -14.891221
v -39.906387 -179.117416 -14.891221
v -39.897038 -178.971909 -14.891221
v -39.885170 -178.826553 -14.891221
v -39.870831 -178.681427 -14.891221
v -39.854034 -178.536575 -14.891221
v -39.834812 -178.391998 -14.891221
v -39.813190 -178.247772 -14.891221
v -39.789188 -178.103897 -14.891221
v -39.762821 -177.960434 -14.891221
v -39.734116 -177.817413 -14.891221
v -39.703091 -177.674850 -14.891221
v -39.669758 -177.532806 -14.891221
v -39.634144 -177.391312 -14.891221
v -39.596260 -177.250381 -14.891221
v -39.556133 -177.110077 -14.891221
v -39.513771 -176.970398 -14.891221
v -39.469196 -176.831406 -14.891222
v -39.422432 -176.693100 -14.891222
v -39.373489 -176.555557 -14.891222
v -39.322388 -176.418762 -14.891222
v -39.269146 -176.282776 -14.891222
v -39.213787 -176.147644 -14.891222
v -39.156322 -176.013351 -14.891222
v -39.096775 -175.879929 -14.891222
v -39.035164 -175.747452 -14.891222
v -38.971504 -175.615906 -14.891222
v -38.905819 -175.485352 -14.891222
v -38.838123 -175.355804 -14.891222
v -38.768444 -175.227264 -14.891222
v -38.696793 -175.099808 -14.891222
v -38.623192 -174.973434 -14.891222
v -38.547665 -174.848175 -14.891222
v -38.470226 -174.724075 -14.891222
v -38.390896 -174.601135 -14.891222
v -38.309708 -174.479401 -14.891222
v -38.226662 -174.358887 -14.891222
v -38.141796 -174.239609 -14.891222
v -38.055122 -174.121628 -14.891222
v -37.966660 -174.004944 -14.891222
v -37.876442 -173.889587 -14.891222
v -37.784477 -173.775558 -14.891222
v -37.690792 -173.662918 -14.891222
v -37.595413 -173.551697 -14.891222
v -37.498356 -173.441879 -14.891222
v -37.399651 -173.333511 -14.891222
v -37.299309 -173.226624 -14.891222
v -37.197365 -173.121231 -14.891222
v -37.093838 -173.017349 -14.891222
v -36.988743 -172.915024 -14.891222
v -36.882114 -172.814255 -14.891222
v -36.773972 -172.715088 -14.891222
v -36.664337 -172.617508 -14.891222
v -36.553238 -172.521591 -14.891223
v -36.440697 -172.427307 -14.891223
v -36.326740 -172.334717 -14.891223
v -36.211388 -172.243805 -14.891223
v -36.094669 -172.154633 -14.891223
v -35.976612 -172.067215 -14.891223
v -35.857239 -171.981537 -14.891223
v -35.736572 -171.897659 -14.891223
v -35.614643 -171.815582 -14.891223
v -35.491478 -171.735321 -14.891223
v -35.367096 -171.656906 -14.891223
v -35.241535 -171.580368 -14.891223
v -35.114815 -171.505722 -14.891223
v -34.986961 -171.432968 -14.891223
v -34.858009 -171.362152 -14.891223
v -34.727982 -171.293274 -14.891223
v -34.596905 -171.226364 -14.891223
v -34.464817 -171.161453 -14.891223
v -34.331738 -171.098526 -14.891223
v -34.197697 -171.037628 -14.891223
v -34.062725 -170.978775 -14.891223
v -33.926857 -170.921982 -14.891223
v -33.790112 -170.867249 -14.891223
v -33.652534 -170.814636 -14.891224
v -33.514145 -170.764130 -14.891224
v -33.374977 -170.715759 -14.891224
v -33.235065 -170.669525 -14.891224
v -33.094440 -170.625473 -14.891224
v -32.953129 -170.583588 -14.891224
v -32.811169 -170.543930 -14.891224
v -32.668594 -170.506485 -14.891224
v -32.525436 -170.471283 -14.891224
v -32.381729 -170.438339 -14.891224
v -32.237507 -170.407669 -14.891224
v -32.092804 -170.379288 -14.891224
v -31.947659 -170.353241 -14.891224
v -31.802103 -170.329514 -14.891224
v -31.656172 -170.308136 -14.891224
v -31.509907 -170.289154 -14.891224
v -31.363344 -170.272552 -14.891224
v -31.216520 -170.258362 -14.891224
v -31.069477 -170.246643 -14.891224
v -30.922251 -170.237396 -14.891224
v -30.774889 -170.230682 -14.891224
v -30.627424 -170.226547 -14.891225
v -39.918827 -230.670471 14.891248
v -30.479900 -240.000000 14.891244
v -39.917362 -230.816284 14.891248
v -39.913177 -230.962021 14.891248
v -39.906380 -231.107681 14.891248
v -39.897030 -231.253204 14.891248
v -39.885162 -231.398544 14.891248
v -39.870823 -231.543671 14.891248
v -39.854027 -231.688538 14.891248
v -39.834805 -231.833099 14.891248
v -39.813183 -231.977341 14.891248
v -39.789181 -232.121201 14.891248
v -39.762814 -232.264664 14.891248
v -39.734108 -232.407700 14.891248
v -39.703083 -232.550247 14.891248
v -39.669750 -232.692291 14.891248
v -39.634136 -232.833786 14.891248
v -39.596252 -232.974716 14.891248
v -39.556126 -233.115021 14.891248
v -39.513763 -233.254700 14.891248
v -39.469189 -233.393692 14.891247
v -39.422424 -233.531998 14.891247
v -39.373482 -233.669540 14.891247
v -39.322380 -233.806335 14.891247
v -39.269138 -233.942307 14.891247
v -39.213779 -234.077469 14.891247
v -39.156315 -234.211761 14.891247
v -39.096767 -234.345154 14.891247
v -39.035156 -234.477646 14.891247
v -38.971497 -234.609192 14.891247
v -38.905811 -234.739746 14.891247
v -38.838116 -234.869293 14.891247
v -38.768436 -234.997818 14.891247
v -38.696785 -235.125290 14.891247
v -38.623184 -235.251663 14.891247
v -38.547657 -235.376923 14.891247
v -38.470219 -235.501022 14.891247
v -38.390888 -235.623962 14.891247
v -38.309700 -235.745697 14.891247
v -38.226654 -235.866211 14.891247
v -38.141788 -235.985489 14.891247
v -38.055115 -236.103455 14.891247
v -37.966652 -236.220154 14.891247
v -37.876434 -236.335510 14.891247
v -37.784470 -236.449524 14.891247
v -37.690784 -236.562180 14.891247
v -37.595406 -236.673401 14.891247
v -37.498348 -236.783218 14.891247
v -37.399643 -236.891586 14.891247
v -37.299301 -236.998474 14.891247
v -37.197357 -237.103867 14.891247
v -37.093830 -237.207733 14.891247
v -36.988735 -237.310074 14.891247
v -36.882107 -237.410843 14.891247
v -36.773964 -237.510010 14.891247
v -36.664330 -237.607590 14.891247
v -36.553230 -237.703506 14.891246
v -36.440689 -237.797775 14.891246
v -36.326733 -237.890381 14.891246
v -36.211380 -237.981262 14.891246
v -36.094662 -238.070435 14.891246
v -35.976604 -238.157883 14.891246
v -35.857231 -238.243546 14.891246
v -35.736565 -238.327438 14.891246
v -35.614635 -238.409515 14.891246
v -35.491470 -238.489761 14.891246
v -35.367088 -238.568176 14.891246
v -35.241528 -238.644730 14.891246
v -35.114807 -238.719376 14.891246
v -34.986954 -238.792130 14.891246
v -34.858002 -238.862946 14.891246
v -34.727974 -238.931808 14.891246
v -34.596897 -238.998734 14.891246
v -34.464809 -239.063644 14.891246
v -34.331730 -239.126572 14.891246
v -34.197689 -239.187469 14.891246
v -34.062717 -239.246323 14.891246
v -33.926849 -239.303116 14.891246
v -33.790104 -239.357849 14.891246
v -33.652527 -239.410461 14.891245
v -33.514137 -239.460968 14.891245
v -33.374969 -239.509338 14.891245
v -33.235058 -239.555573 14.891245
v -33.094433 -239.599625 14.891245
v -32.953121 -239.641510 14.891245
v -32.811161 -239.681168 14.891245
v -32.668587 -239.718613 14.891245
v -32.525429 -239.753815 14.891245
v -32.381721 -239.786758 14.891245
v -32.237499 -239.817429 14.891245
v -32.092796 -239.845810 14.891245
v -31.947647 -239.871857 14.891245
v -31.802092 -239.895584 14.891245
v -31.656160 -239.916946 14.891245
v -31.509895 -239.935944 14.891245
v -31.363333 -239.952545 14.891245
v -31.216509 -239.966736 14.891245
v -31.069466 -239.978455 14.891245
v -30.922239 -239.987701 14.891245
v -30.774878 -239.994415 14.891245
v -30.627413 -239.998550 14.891244
v -30.479912 -240.000000 -14.891225
v -39.918835 -230.670471 -14.891221
v -30.627424 -239.998550 -14.891225
v -30.774889 -239.994415 -14.891224
v -30.922251 -239.987701 -14.891224
v -31.069477 -239.978455 -14.891224
v -31.216520 -239.966736 -14.891224
v -31.363344 -239.952545 -14.891224
v -31.509907 -239.935944 -14.891224
v -31.656172 -239.916946 -14.891224
v -31.802103 -239.895584 -14.891224
v -31.947659 -239.871857 -14.891224
v -32.092804 -239.845810 -14.891224
v -32.237507 -239.817429 -14.891224
v -32.381729 -239.786758 -14.891224
v -32.525436 -239.753815 -14.891224
v -32.668594 -239.718613 -14.891224
v -32.811169 -239.681168 -14.891224
v -32.953129 -239.641510 -14.891224
v -33.094440 -239.599625 -14.891224
v -33.235065 -239.555573 -14.891224
v -33.374977 -239.509338 -14.891224
v -33.514145 -239.460968 -14.891224
v -33.652534 -239.410461 -14.891224
v -33.790112 -239.357849 -14.891223
v -33.926857 -239.303116 -14.891223
v -34.062725 -239.246323 -14.891223
v -34.197697 -239.187469 -14.891223
v -34.331738 -239.126572 -14.891223
v -34.464817 -239.063644 -14.891223
v -34.596905 -238.998734 -14.891223
v -34.727982 -238.931808 -14.891223
v -34.858009 -238.862946 -14.891223
v -34.986961 -238.792130 -14.891223
v -35.114815 -238.719376 -14.891223
v -35.241535 -238.644730 -14.891223
v -35.367096 -238.568176 -14.891223
v -35.491478 -238.489761 -14.891223
v -35.614643 -238.409515 -14.891223
v -35.736572 -238.327438 -14.891223
v -35.857239 -238.243546 -14.891223
v -35.976612 -238.157883 -14.891223
v -36.094669 -238.070435 -14.891223
v -36.211388 -237.981262 -14.891223
v -36.326740 -237.890381 -14.891223
v -36.440697 -237.797775 -14.891223
v -36.553238 -237.703506 -14.891223
v -36.664337 -237.607590 -14.891222
v -36.773972 -237.510010 -14.891222
v -36.882114 -237.410843 -14.891222
v -36.988743 -237.310074 -14.891222
v -37.093838 -237.207733 -14.891222
v -37.197365 -237.103867 -14.891222
v -37.299309 -236.998474 -14.891222
v -37.399651 -236.891586 -14.891222
v -37.498356 -236.783218 -14.891222
v -37.595413 -236.673401 -14.891222
v -37.690792 -236.562180 -14.891222
v -37.784477 -236.449524 -14.891222
v -37.876442 -236.335510 -14.891222
v -37.966660 -236.220154 -14.891222
v -38.055122 -236.103455 -14.891222
v -38.141796 -235.985489 -14.891222
v -38.226662 -235.866211 -14.891222
v -38.309708 -235.745697 -14.891222
v -38.390896 -235.623962 -14.891222
v -38.470226 -235.501022 -14.891222
v -38.547665 -235.376923 -14.891222
v -38.623192 -235.251663 -14.891222
v -38.696793 -235.125290 -14.891222
v -38.768444 -234.997818 -14.891222
v -38.838123 -234.869293 -14.891222
v -38.905819 -234.739746 -14.891222
v -38.971504 -234.609192 -14.891222
v -39.035164 -234.477646 -14.891222
v -39.096775 -234.345154 -14.891222
v -39.156322 -234.211761 -14.891222
v -39.213787 -234.077469 -14.891222
v -39.269146 -233.942307 -14.891222
v -39.322388 -233.806335 -14.891222
v -39.373489 -233.669540 -14.891222
v -39.422432 -233.531998 -14.891222
v -39.469196 -233.393692 -14.891222
v -39.513771 -233.254700 -14.891221
v -39.556133 -233.115021 -14.891221
v -39.596260 -232.974716 -14.891221
v -39.634144 -232.833786 -14.891221
v -39.669758 -232.692291 -14.891221
v -39.703091 -232.550247 -14.891221
v -39.734116 -232.407700 -14.891221
v -39.762821 -232.264664 -14.891221
v -39.789188 -232.121201 -14.891221
v -39.813190 -231.977341 -14.891221
v -39.834812 -231.833099 -14.891221
v -39.854034 -231.688538 -14.891221
v -39.870831 -231.543671 -14.891221
v -39.885170 -231.398544 -14.891221
v -39.897038 -231.253204 -14.891221
v -39.906387 -231.107681 -14.891221
v -39.913185 -230.962021 -14.891221
v -39.917370 -230.816284 -14.891221
v -19.841843 -170.225098 13.091273
v -14.826481 -165.267838 8.176570
v -19.763063 -170.224487 13.014077
v -19.684305 -170.222672 12.936898
v -19.605585 -170.219589 12.859759
v -19.526924 -170.215332 12.782677
v -19.448341 -170.209824 12.705670
v -19.369854 -170.203110 12.628760
v -19.291485 -170.195175 12.551963
v -19.213249 -170.186005 12.475298
v -19.135170 -170.175659 12.398786
v -19.057266 -170.164078 12.322444
v -18.979555 -170.151276 12.246293
v -18.902058 -170.137283 12.170350
v -18.824791 -170.122116 12.094634
v -18.747776 -170.105713 12.019164
v -18.671028 -170.088135 11.943958
v -18.594572 -170.069351 11.869036
v -18.518423 -170.049393 11.794415
v -18.442602 -170.028275 11.720115
v -18.367123 -170.005951 11.646152
v -18.292009 -169.982468 11.572546
v -18.217279 -169.957840 11.499315
v -18.142948 -169.932022 11.426476
v -18.069036 -169.905075 11.354049
v -17.995564 -169.876984 11.282050
v -17.922546 -169.847748 11.210497
v -17.850000 -169.817383 11.139409
v -17.777948 -169.785919 11.068802
v -17.706404 -169.753311 10.998693
v -17.635387 -169.719604 10.929102
v -17.564917 -169.684799 10.860045
v -17.495005 -169.648911 10.791537
v -17.425673 -169.611923 10.723597
v -17.356937 -169.573883 10.656240
v -17.288815 -169.534775 10.589486
v -17.221323 -169.494614 10.523348
v -17.154476 -169.453384 10.457844
v -17.088295 -169.411163 10.392990
v -17.022791 -169.367889 10.328801
v -16.957983 -169.323624 10.265294
v -16.893887 -169.278351 10.202483
v -16.830517 -169.232086 10.140387
v -16.767891 -169.184845 10.079018
v -16.706024 -169.136642 10.018392
v -16.644930 -169.087479 9.958524
v -16.584625 -169.037384 9.899429
v -16.525124 -168.986359 9.841122
v -16.466440 -168.934402 9.783617
v -16.408590 -168.881546 9.726927
v -16.351587 -168.827774 9.671069
v -16.295444 -168.773148 9.616054
v -16.240179 -168.717667 9.561895
v -16.185801 -168.661331 9.508610
v -16.132324 -168.604141 9.456206
v -16.079763 -168.546143 9.404700
v -16.028130 -168.487335 9.354102
v -15.977440 -168.427719 9.304429
v -15.927702 -168.367325 9.255689
v -15.878930 -168.306198 9.207895
v -15.831135 -168.244293 9.161060
v -15.784329 -168.181641 9.115194
v -15.738525 -168.118301 9.070309
v -15.693735 -168.054245 9.026418
v -15.649967 -167.989502 8.983528
v -15.607233 -167.924088 8.941651
v -15.565544 -167.858002 8.900799
v -15.524910 -167.791306 8.860982
v -15.485342 -167.723969 8.822206
v -15.446848 -167.656036 8.784486
v -15.409439 -167.587509 8.747828
v -15.373123 -167.518402 8.712240
v -15.337911 -167.448746 8.677734
v -15.303808 -167.378540 8.644317
v -15.270824 -167.307846 8.611996
v -15.238972 -167.236618 8.580781
v -15.208254 -167.164917 8.550680
v -15.178677 -167.092743 8.521697
v -15.150252 -167.020111 8.493843
v -15.122986 -166.947052 8.467123
v -15.096883 -166.873596 8.441545
v -15.071950 -166.799744 8.417112
v -15.048196 -166.725494 8.393834
v -15.025622 -166.650894 8.371714
v -15.004238 -166.575943 8.350760
v -14.984048 -166.500687 8.330974
v -14.965056 -166.425110 8.312363
v -14.947268 -166.349243 8.294931
v -14.930687 -166.273132 8.278684
v -14.915317 -166.196762 8.263622
v -14.901163 -166.120148 8.249753
v -14.888229 -166.043350 8.237078
v -14.876516 -165.966339 8.225600
v -14.866030 -165.889175 8.215323
v -14.856769 -165.811844 8.206249
v -14.848739 -165.734375 8.198380
v -14.841943 -165.656799 8.191721
v -14.836379 -165.579117 8.186269
v -14.832048 -165.501389 8.182026
v -14.828957 -165.423569 8.178995
v -14.827100 -165.345718 8.177176
v -19.841850 -170.225098 -13.091260
v -14.826487 -165.267838 -8.176558
v -19.763071 -170.224487 -13.014064
v -19.684313 -170.222672 -12.936885
v -19.605593 -170.219589 -12.859746
v -19.526932 -170.215332 -12.782663
v -19.448349 -170.209824 -12.705657
v -19.369862 -170.203110 -12.628747
v -19.291492 -170.195175 -12.551950
v -19.213257 -170.186005 -12.475285
v -19.135178 -170.175659 -12.398772
v -19.057274 -170.164078 -12.322431
v -18.979563 -170.151276 -12.246282
v -18.902065 -170.137283 -12.170339
v -18.824799 -170.122116 -12.094623
v -18.747784 -170.105713 -12.019153
v -18.671036 -170.088135 -11.943947
v -18.594580 -170.069351 -11.869024
v -18.518431 -170.049393 -11.794404
v -18.442610 -170.028275 -11.720103
v -18.367130 -170.005951 -11.646141
v -18.292017 -169.982468 -11.572535
v -18.217287 -169.957840 -11.499304
v -18.142956 -169.932022 -11.426465
v -18.069044 -169.905075 -11.354037
v -17.995571 -169.876984 -11.282039
v -17.922554 -169.847748 -11.210485
v -17.850008 -169.817383 -11.139398
v -17.777956 -169.785919 -11.068790
v -17.706411 -169.753311 -10.998682
v -17.635395 -169.719604 -10.929090
v -17.564924 -169.684799 -10.860034
v -17.495012 -169.648911 -10.791526
v -17.425680 -169.611923 -10.723585
v -17.356945 -169.573883 -10.656229
v -17.288822 -169.534775 -10.589475
v -17.221331 -169.494614 -10.523336
v -17.154484 -169.453384 -10.457832
v -17.088303 -169.411163 -10.392978
v -17.022799 -169.367889 -10.328788
v -16.957991 -169.323624 -10.265282
v -16.893894 -169.278351 -10.202471
v -16.830524 -169.232086 -10.140374
v -16.767899 -169.184845 -10.079005
v -16.706032 -169.136642 -10.018379
v -16.644938 -169.087479 -9.958511
v -16.584633 -169.037384 -9.899417
v -16.525131 -168.986359 -9.841109
v -16.466448 -168.934402 -9.783604
v -16.408598 -168.881546 -9.726914
v -16.351595 -168.827774 -9.671057
v -16.295452 -168.773148 -9.616040
v -16.240187 -168.717667 -9.561883
v -16.185808 -168.661331 -9.508596
v -16.132332 -168.604141 -9.456193
v -16.079771 -168.546143 -9.404689
v -16.028137 -168.487335 -9.354092
v -15.977446 -168.427719 -9.304419
v -15.927708 -168.367325 -9.255678
v -15.878936 -168.306198 -9.207885
v -15.831141 -168.244293 -9.161050
v -15.784335 -168.181641 -9.115183
v -15.738531 -168.118301 -9.070298
v -15.693741 -168.054245 -9.026407
v -15.649973 -167.989502 -8.983518
v -15.607239 -167.924088 -8.941641
v -15.565550 -167.858002 -8.900788
v -15.524916 -167.791306 -8.860970
v -15.485348 -167.723969 -8.822196
v -15.446854 -167.656036 -8.784475
v -15.409445 -167.587509 -8.747817
v -15.373129 -167.518402 -8.712230
v -15.337916 -167.448746 -8.677724
v -15.303814 -167.378540 -8.644305
v -15.270830 -167.307846 -8.611985
v -15.238977 -167.236618 -8.580770
v -15.208260 -167.164917 -8.550669
v -15.178682 -167.092743 -8.521686
v -15.150258 -167.020111 -8.493833
v -15.122992 -166.947052 -8.467112
v -15.096889 -166.873596 -8.441534
v -15.071956 -166.799744 -8.417101
v -15.048202 -166.725494 -8.393823
v -15.025628 -166.650894 -8.371703
v -15.004244 -166.575943 -8.350749
v -14.984054 -166.500687 -8.330962
v -14.965062 -166.425110 -8.312352
v -14.947273 -166.349243 -8.294921
v -14.930693 -166.273132 -8.278673
v -14.915322 -166.196762 -8.263612
v -14.901169 -166.120148 -8.249742
v -14.888235 -166.043350 -8.237067
v -14.876522 -165.966339 -8.225590
v -14.866035 -165.889175 -8.215313
v -14.856774 -165.811844 -8.206238
v -14.848744 -165.734375 -8.198370
v -14.841949 -165.656799 -8.191710
v -14.836385 -165.579117 -8.186257
v -14.832054 -165.501389 -8.182014
v -14.828962 -165.423569 -8.178985
v -14.827106 -165.345718 -8.177165
v 0.000015 -50.641018 50.000000
v 0.000015 0.000000 50.000000
v -3.139511 -50.641018 49.901337
v -3.139511 0.000000 49.901337
v -6.266646 -50.641018 49.605740
v -6.266646 0.000000 49.605740
v -9.369051 -50.641018 49.114365
v -9.369051 0.000000 49.114365
v -12.434481 -50.641018 48.429161
v -12.434481 0.000000 48.429161
v -15.450835 -50.641018 47.552834
v -15.450835 0.000000 47.552834
v -18.406214 -50.641018 46.488831
v -18.406214 0.000000 46.488831
v -21.288950 -50.641018 45.241364
v -21.288950 0.000000 45.241364
v -24.087671 -50.641018 43.815338
v -24.087671 0.000000 43.815338
v -26.791328 -50.641018 42.216400
v -26.791328 0.000000 42.216400
v -29.389248 -50.641018 40.450863
v -29.389248 0.000000 40.450863
v -31.871191 -50.641018 38.525673
v -31.871191 0.000000 38.525673
v -34.227345 -50.641018 36.448441
v -34.227345 0.000000 36.448441
v -36.448418 -50.641018 34.227367
v -36.448418 0.000000 34.227367
v -38.525650 -50.641018 31.871218
v -38.525650 0.000000 31.871218
v -40.450840 -50.641018 29.389275
v -40.450840 0.000000 29.389275
v -42.216385 -50.641018 26.791355
v -42.216385 0.000000 26.791355
v -43.815323 -50.641018 24.087698
v -43.815323 0.000000 24.087698
v -45.241348 -50.641018 21.288980
v -45.241348 0.000000 21.288980
v -46.488815 -50.641018 18.406242
v -46.488815 0.000000 18.406242
v -47.552826 -50.641018 15.450865
v -47.552826 0.000000 15.450865
v -48.429153 -50.641018 12.434512
v -48.429153 0.000000 12.434512
v -49.114357 -50.641018 9.369082
v -49.114357 0.000000 9.369082
v -49.605732 -50.641018 6.266678
v -49.605732 0.000000 6.266678
v -49.901337 -50.641018 3.139543
v -49.901337 0.000000 3.139543
v -50.000000 -50.641018 0.000017
v -50.000000 0.000000 0.000017
v -49.901337 -50.641018 -3.139509
v -49.901337 0.000000 -3.139509
v -49.605740 -50.641018 -6.266645
v -49.605740 0.000000 -6.266645
v -49.114365 -50.641018 -9.369049
v -49.114365 0.000000 -9.369049
v -48.429161 -50.641018 -12.434480
v -48.429161 0.000000 -12.434480
v -47.552834 -50.641018 -15.450834
v -47.552834 0.000000 -15.450834
v -46.488831 -50.641018 -18.406212
v -46.488831 0.000000 -18.406212
v -45.241364 -50.641018 -21.288950
v -45.241364 0.000000 -21.288950
v -43.815338 -50.641018 -24.087671
v -43.815338 0.000000 -24.087671
v -42.216400 -50.641018 -26.791328
v -42.216400 0.000000 -26.791328
v -40.450863 -50.641018 -29.389248
v -40.450863 0.000000 -29.389248
v -38.525673 -50.641018 -31.871191
v -38.525673 0.000000 -31.871191
v -36.448441 -50.641018 -34.227345
v -36.448441 0.000000 -34.227345
v -34.227367 -50.641018 -36.448418
v -34.227367 0.000000 -36.448418
v -31.871218 -50.641018 -38.525650
v -31.871218 0.000000 -38.525650
v -29.389275 -50.641018 -40.450840
v -29.389275 0.000000 -40.450840
v -26.791355 -50.641018 -42.216385
v -26.791355 0.000000 -42.216385
v -24.087698 -50.641018 -43.815323
v -24.087698 0.000000 -43.815323
v -21.288980 -50.641018 -45.241348
v -21.288980 0.000000 -45.241348
v -18.406244 -50.641018 -46.488815
v -18.406244 0.000000 -46.488815
v -15.450866 -50.641018 -47.552826
v -15.450866 0.000000 -47.552826
v -12.434513 -50.641018 -48.429153
v -12.434513 0.000000 -48.429153
v -9.369083 -50.641018 -49.114357
v -9.369083 0.000000 -49.114357
v -6.266679 -50.641018 -49.605732
v -6.266679 0.000000 -49.605732
v -3.139543 -50.641018 -49.901337
v -3.139543 0.000000 -49.901337
v -0.000017 -50.641018 -50.000000
v -0.000017 0.000000 -50.000000
v 3.139509 -50.641018 -49.901337
v 3.139509 0.000000 -49.901337
v 6.266644 -50.641018 -49.605740
v 6.266644 0.000000 -49.605740
v 9.369048 -50.641018 -49.114365
v 9.369048 0.000000 -49.114365
v 12.434478 -50.641018 -48.429161
v 12.434478 0.000000 -48.429161
v 15.450833 -50.641018 -47.552834
v 15.450833 0.000000 -47.552834
v 18.406210 -50.641018 -46.488831
v 18.406210 0.000000 -46.488831
v 21.288950 -50.641018 -45.241364
v 21.288950 0.000000 -45.241364
v 24.087671 -50.641018 -43.815338
v 24.087671 0.000000 -43.815338
v 26.791328 -50.641018 -42.216400
v 26.791328 0.000000 -42.216400
v 29.389248 -50.641018 -40.450863
v 29.389248 0.000000 -40.450863
v 31.871191 -50.641018 -38.525673
v 31.871191 0.000000 -38.525673
v 34.227345 -50.641018 -36.448441
v 34.227345 0.000000 -36.448441
v 36.448418 -50.641018 -34.227367
v 36.448418 0.000000 -34.227367
v 38.525650 -50.641018 -31.871218
v 38.525650 0.000000 -31.871218
v 40.450840 -50.641018 -29.389275
v 40.450840 0.000000 -29.389275
v 42.216385 -50.641018 -26.791355
v 42.216385 0.000000 -26.791355
v 43.815323 -50.641018 -24.087698
v 43.815323 0.000000 -24.087698
v 45.241348 -50.641018 -21.288980
v 45.241348 0.000000 -21.288980
v 46.488815 -50.641018 -18.406242
v 46.488815 0.000000 -18.406242
v 47.552826 -50.641018 -15.450865
v 47.552826 0.000000 -15.450865
v 48.429153 -50.641018 -12.434512
v 48.429153 0.000000 -12.434512
v 49.114357 -50.641018 -9.369081
v 49.114357 0.000000 -9.369081
v 49.605732 -50.641018 -6.266677
v 49.605732 0.000000 -6.266677
v 49.901337 -50.641018 -3.139542
v 49.901337 0.000000 -3.139542
v 50.000000 -50.641018 -0.000016
v 50.000000 0.000000 -0.000016
v 49.901337 -50.641018 3.139511
v 49.901337 0.000000 3.139511
v 49.605740 -50.641018 6.266646
v 49.605740 0.000000 6.266646
v 49.114365 -50.641018 9.369050
v 49.114365 0.000000 9.369050
v 48.429161 -50.641018 12.434480
v 48.429161 0.000000 12.434480
v 47.552834 -50.641018 15.450834
v 47.552834 0.000000 15.450834
v 46.488831 -50.641018 18.406212
v 46.488831 0.000000 18.406212
v 45.241364 -50.641018 21.288950
v 45.241364 0.000000 21.288950
v 43.815338 -50.641018 24.087671
v 43.815338 0.000000 24.087671
v 42.216400 -50.641018 26.791328
v 42.216400 0.000000 26.791328
v 40.450863 -50.641018 29.389248
v 40.450863 0.000000 29.389248
v 38.525673 -50.641018 31.871191
v 38.525673 0.000000 31.871191
v 36.448441 -50.641018 34.227345
v 36.448441 0.000000 34.227345
v 34.227367 -50.641018 36.448418
v 34.227367 0.000000 36.448418
v 31.871218 -50.641018 38.525650
v 31.871218 0.000000 38.525650
v 29.389275 -50.641018 40.450840
v 29.389275 0.000000 40.450840
v 26.791355 -50.641018 42.216385
v 26.791355 0.000000 42.216385
v 24.087698 -50.641018 43.815323
v 24.087698 0.000000 43.815323
v 21.288980 -50.641018 45.241348
v 21.288980 0.000000 45.241348
v 18.406240 -50.641018 46.488815
v 18.406240 0.000000 46.488815
v 15.450864 -50.641018 47.552826
v 15.450864 0.000000 47.552826
v 12.434510 -50.641018 48.429153
v 12.434510 0.000000 48.429153
v 9.369081 -50.641018 49.114357
v 9.369081 0.000000 49.114357
v 6.266676 -50.641018 49.605732
v 6.266676 0.000000 49.605732
v 3.139541 -50.641018 49.901337
v 3.139541 0.000000 49.901337
v 0.000012 -50.643623 39.862625
v -2.502983 -50.643623 39.783966
v -4.996099 -50.643623 39.548298
v -7.469499 -50.643623 39.156551
v -9.913421 -50.643623 38.610271
v -12.318216 -50.643623 37.911610
v -14.674398 -50.643623 37.063335
v -16.972668 -50.643623 36.068783
v -19.203957 -50.643623 34.931892
v -21.359453 -50.643623 33.657135
v -23.430651 -50.643623 32.249546
v -25.409386 -50.643623 30.714687
v -27.287834 -50.643623 29.058613
v -29.058594 -50.643623 27.287853
v -30.714672 -50.643623 25.409405
v -32.249531 -50.643623 23.430674
v -33.657120 -50.643623 21.359476
v -34.931877 -50.643623 19.203978
v -36.068775 -50.643623 16.972691
v -37.063328 -50.643623 14.674422
v -37.911602 -50.643623 12.318241
v -38.610264 -50.643623 9.913445
v -39.156544 -50.643623 7.469525
v -39.548298 -50.643623 4.996125
v -39.783966 -50.643623 2.503008
v -39.862625 -50.643623 0.000014
v -39.783966 -50.643623 -2.502982
v -39.548298 -50.643623 -4.996098
v -39.156551 -50.643623 -7.469498
v -38.610271 -50.643623 -9.913419
v -37.911610 -50.643623 -12.318216
v -37.063335 -50.643623 -14.674397
v -36.068783 -50.643623 -16.972668
v -34.931892 -50.643623 -19.203955
v -33.657135 -50.643623 -21.359453
v -32.249546 -50.643623 -23.430651
v -30.714687 -50.643623 -25.409386
v -29.058613 -50.643623 -27.287834
v -27.287853 -50.643623 -29.058594
v -25.409405 -50.643623 -30.714672
v -23.430674 -50.643623 -32.249531
v -21.359476 -50.643623 -33.657120
v -19.203979 -50.643623 -34.931877
v -16.972691 -50.643623 -36.068775
v -14.674423 -50.643623 -37.063328
v -12.318241 -50.643623 -37.911602
v -9.913445 -50.643623 -38.610264
v -7.469525 -50.643623 -39.156544
v -4.996125 -50.643623 -39.548298
v -2.503009 -50.643623 -39.783966
v -0.000014 -50.643623 -39.862625
v 2.502981 -50.643623 -39.783966
v 4.996098 -50.643623 -39.548298
v 7.469497 -50.643623 -39.156551
v 9.913419 -50.643623 -38.610271
v 12.318214 -50.643623 -37.911610
v 14.674397 -50.643623 -37.063335
v 16.972666 -50.643623 -36.068783
v 19.203953 -50.643623 -34.931892
v 21.359453 -50.643623 -33.657135
v 23.430651 -50.643623 -32.249546
v 25.409386 -50.643623 -30.714687
v 27.287834 -50.643623 -29.058613
v 29.058594 -50.643623 -27.287853
v 30.714672 -50.643623 -25.409405
v 32.249531 -50.643623 -23.430674
v 33.657120 -50.643623 -21.359476
v 34.931877 -50.643623 -19.203978
v 36.068775 -50.643623 -16.972691
v 37.063328 -50.643623 -14.674422
v 37.911602 -50.643623 -12.318241
v 38.610264 -50.643623 -9.913444
v 39.156544 -50.643623 -7.469523
v 39.548298 -50.643623 -4.996124
v 39.783966 -50.643623 -2.503007
v 39.862625 -50.643623 -0.000012
v 39.783966 -50.643623 2.502983
v 39.548298 -50.643623 4.996099
v 39.156551 -50.643623 7.469499
v 38.610271 -50.643623 9.913421
v 37.911610 -50.643623 12.318216
v 37.063335 -50.643623 14.674397
v 36.068783 -50.643623 16.972668
v 34.931892 -50.643623 19.203955
v 33.657135 -50.643623 21.359453
v 32.249546 -50.643623 23.430651
v 30.714687 -50.643623 25.409386
v 29.058613 -50.643623 27.287834
v 27.287853 -50.643623 29.058594
v 25.409405 -50.643623 30.714672
v 23.430674 -50.643623 32.249531
v 21.359476 -50.643623 33.657120
v 19.203976 -50.643623 34.931877
v 16.972689 -50.643623 36.068775
v 14.674421 -50.643623 37.063328
v 12.318239 -50.643623 37.911602
v 9.913444 -50.643623 38.610264
v 7.469523 -50.643623 39.156544
v 4.996123 -50.643623 39.548298
v 2.503007 -50.643623 39.783966
v 0.000012 -20.484016 39.862625
v -2.502983 -20.484016 39.783966
v -4.996099 -20.484016 39.548298
v -7.469499 -20.484016 39.156551
v -9.913421 -20.484016 38.610271
v -12.318216 -20.484016 37.911610
v -14.674398 -20.484016 37.063335
v -16.972668 -20.484016 36.068783
v -19.203957 -20.484016 34.931892
v -21.359453 -20.484016 33.657135
v -23.430651 -20.484016 32.249546
v -25.409386 -20.484016 30.714687
v -27.287834 -20.484016 29.058613
v -29.058594 -20.484016 27.287853
v -30.714672 -20.484016 25.409405
v -32.249531 -20.484016 23.430674
v -33.657120 -20.484016 21.359476
v -34.931877 -20.484016 19.203978
v -36.068775 -20.484016 16.972691
v -37.063328 -20.484016 14.674422
v -37.911602 -20.484016 12.318241
v -38.610264 -20.484016 9.913445
v -39.156544 -20.484016 7.469525
v -39.548298 -20.484016 4.996125
v -39.783966 -20.484016 2.503008
v -39.862625 -20.484016 0.000014
v -39.783966 -20.484016 -2.502982
v -39.548298 -20.484016 -4.996098
v -39.156551 -20.484016 -7.469498
v -38.610271 -20.484016 -9.913419
v -37.911610 -20.484016 -12.318216
v -37.063335 -20.484016 -14.674397
v -36.068783 -20.484016 -16.972668
v -34.931892 -20.484016 -19.203955
v -33.657135 -20.484016 -21.359453
v -32.249546 -20.484016 -23.430651
v -30.714687 -20.484016 -25.409386
v -29.058613 -20.484016 -27.287834
v -27.287853 -20.484016 -29.058594
v -25.409405 -20.484016 -30.714672
v -23.430674 -20.484016 -32.249531
v -21.359476 -20.484016 -33.657120
v -19.203979 -20.484016 -34.931877
v -16.972691 -20.484016 -36.068775
v -14.674423 -20.484016 -37.063328
v -12.318241 -20.484016 -37.911602
v -9.913445 -20.484016 -38.610264
v -7.469525 -20.484016 -39.156544
v -4.996125 -20.484016 -39.548298
v -2.503009 -20.484016 -39.783966
v -0.000014 -20.484016 -39.862625
v 2.502981 -20.484016 -39.783966
v 4.996098 -20.484016 -39.548298
v 7.469497 -20.484016 -39.156551
v 9.913419 -20.484016 -38.610271
v 12.318214 -20.484016 -37.911610
v 14.674397 -20.484016 -37.063335
v 16.972666 -20.484016 -36.068783
v 19.203953 -20.484016 -34.931892
v 21.359453 -20.484016 -33.657135
v 23.430651 -20.484016 -32.249546
v 25.409386 -20.484016 -30.714687
v 27.287834 -20.484016 -29.058613
v 29.058594 -20.484016 -27.287853
v 30.714672 -20.484016 -25.409405
v 32.249531 -20.484016 -23.430674
v 33.657120 -20.484016 -21.359476
v 34.931877 -20.484016 -19.203978
v 36.068775 -20.484016 -16.972691
v 37.063328 -20.484016 -14.674422
v 37.911602 -20.484016 -12.318241
v 38.610264 -20.484016 -9.913444
v 39.156544 -20.484016 -7.469523
v 39.548298 -20.484016 -4.996124
v 39.783966 -20.484016 -2.503007
v 39.862625 -20.484016 -0.000012
v 39.783966 -20.484016 2.502983
v 39.548298 -20.484016 4.996099
v 39.156551 -20.484016 7.469499
v 38.610271 -20.484016 9.913421
v 37.911610 -20.484016 12.318216
v 37.063335 -20.484016 14.674397
v 36.068783 -20.484016 16.972668
v 34.931892 -20.484016 19.203955
v 33.657135 -20.484016 21.359453
v 32.249546 -20.484016 23.430651
v 30.714687 -20.484016 25.409386
v 29.058613 -20.484016 27.287834
v 27.287853 -20.484016 29.058594
v 25.409405 -20.484016 30.714672
v 23.430674 -20.484016 32.249531
v 21.359476 -20.484016 33.657120
v 19.203976 -20.484016 34.931877
v 16.972689 -20.484016 36.068775
v 14.674421 -20.484016 37.063328
v 12.318239 -20.484016 37.911602
v 9.913444 -20.484016 38.610264
v 7.469523 -20.484016 39.156544
v 4.996123 -20.484016 39.548298
v 2.503007 -20.484016 39.783966
v 13.676359 -23.816660 -8.176568
v 17.587124 -20.485067 -10.420318
v 13.676843 -23.764328 -8.176845
v 13.678289 -23.712008 -8.177675
v 13.680700 -23.659718 -8.179059
v 13.684077 -23.607466 -8.180996
v 13.688415 -23.555264 -8.183485
v 13.693716 -23.503126 -8.186526
v 13.699976 -23.451067 -8.190118
v 13.707197 -23.399096 -8.194262
v 13.715375 -23.347233 -8.198953
v 13.724507 -23.295481 -8.204193
v 13.734594 -23.243858 -8.209979
v 13.745631 -23.192377 -8.216311
v 13.757613 -23.141052 -8.223186
v 13.770544 -23.089891 -8.230605
v 13.784413 -23.038910 -8.238564
v 13.799223 -22.988121 -8.247059
v 13.814967 -22.937538 -8.256093
v 13.831642 -22.887173 -8.265659
v 13.849243 -22.837032 -8.275758
v 13.867766 -22.787134 -8.286385
v 13.887207 -22.737492 -8.297540
v 13.907561 -22.688116 -8.309217
v 13.928823 -22.639021 -8.321415
v 13.950987 -22.590214 -8.334131
v 13.974049 -22.541706 -8.347363
v 13.998001 -22.493521 -8.361106
v 14.022841 -22.445658 -8.375357
v 14.048558 -22.398130 -8.390112
v 14.075151 -22.350956 -8.405368
v 14.102609 -22.304142 -8.421122
v 14.130925 -22.257700 -8.437368
v 14.160095 -22.211645 -8.454105
v 14.190112 -22.165985 -8.471326
v 14.220964 -22.120735 -8.489029
v 14.252648 -22.075901 -8.507207
v 14.285157 -22.031496 -8.525857
v 14.318478 -21.987532 -8.544974
v 14.352608 -21.944019 -8.564557
v 14.387532 -21.900969 -8.584595
v 14.423249 -21.858391 -8.605086
v 14.459745 -21.816296 -8.626026
v 14.497014 -21.774696 -8.647408
v 14.535045 -21.733597 -8.669228
v 14.573828 -21.693014 -8.691479
v 14.613355 -21.652954 -8.714157
v 14.653617 -21.613432 -8.737256
v 14.694602 -21.574448 -8.760771
v 14.736300 -21.536018 -8.784695
v 14.778700 -21.498154 -8.809022
v 14.821795 -21.460859 -8.833747
v 14.865574 -21.424147 -8.858864
v 14.910023 -21.388025 -8.884366
v 14.955132 -21.352503 -8.910247
v 15.000889 -21.317587 -8.936500
v 15.047285 -21.283287 -8.963120
v 15.094310 -21.249615 -8.990097
v 15.141947 -21.216578 -9.017430
v 15.190189 -21.184179 -9.045108
v 15.239022 -21.152428 -9.073125
v 15.288435 -21.121336 -9.101475
v 15.338414 -21.090910 -9.130150
v 15.388949 -21.061157 -9.159143
v 15.440024 -21.032082 -9.188448
v 15.491632 -21.003696 -9.218057
v 15.543756 -20.976004 -9.247961
v 15.596384 -20.949013 -9.278156
v 15.649503 -20.922726 -9.308632
v 15.703099 -20.897156 -9.339383
v 15.757161 -20.872307 -9.370400
v 15.811675 -20.848183 -9.401676
v 15.866627 -20.824791 -9.433204
v 15.922001 -20.802137 -9.464975
v 15.977788 -20.780228 -9.496982
v 16.033972 -20.759069 -9.529217
v 16.090538 -20.738663 -9.561671
v 16.147476 -20.719017 -9.594339
v 16.204767 -20.700134 -9.627209
v 16.262400 -20.682024 -9.660275
v 16.320358 -20.664684 -9.693529
v 16.378632 -20.648121 -9.726962
v 16.437202 -20.632341 -9.760565
v 16.496056 -20.617348 -9.794333
v 16.555180 -20.603142 -9.828254
v 16.614555 -20.589731 -9.862321
v 16.674173 -20.577114 -9.896525
v 16.734016 -20.565300 -9.930860
v 16.794071 -20.554283 -9.965315
v 16.854321 -20.544075 -9.999882
v 16.914749 -20.534674 -10.034553
v 16.975346 -20.526081 -10.069319
v 17.036093 -20.518301 -10.104172
v 17.096975 -20.511335 -10.139103
v 17.157980 -20.505184 -10.174102
v 17.219088 -20.499849 -10.209163
v 17.280289 -20.495335 -10.244276
v 17.341564 -20.491640 -10.279432
v 17.402901 -20.488764 -10.314624
v 17.464285 -20.486710 -10.349840
v 17.525694 -20.485477 -10.385075
v -14.826480 -23.816618 8.176569
v -18.737244 -20.485012 10.420320
v -14.826962 -23.764286 8.176847
v -14.828410 -23.711967 8.177677
v -14.830821 -23.659678 8.179060
v -14.834197 -23.607424 8.180997
v -14.838534 -23.555223 8.183486
v -14.843836 -23.503084 8.186527
v -14.850097 -23.451025 8.190119
v -14.857317 -23.399055 8.194263
v -14.865495 -23.347187 8.198954
v -14.874627 -23.295441 8.204194
v -14.884715 -23.243818 8.209980
v -14.895751 -23.192337 8.216312
v -14.907734 -23.141008 8.223188
v -14.920664 -23.089848 8.230606
v -14.934534 -23.038868 8.238564
v -14.949344 -22.988081 8.247061
v -14.965087 -22.937492 8.256094
v -14.981763 -22.887127 8.265660
v -14.999363 -22.836988 8.275759
v -15.017886 -22.787094 8.286386
v -15.037328 -22.737452 8.297541
v -15.057682 -22.688076 8.309218
v -15.078942 -22.638977 8.321417
v -15.101107 -22.590168 8.334133
v -15.124168 -22.541666 8.347364
v -15.148122 -22.493477 8.361107
v -15.172961 -22.445612 8.375358
v -15.198678 -22.398087 8.390113
v -15.225271 -22.350912 8.405370
v -15.252728 -22.304100 8.421124
v -15.281046 -22.257658 8.437370
v -15.310215 -22.211603 8.454106
v -15.340232 -22.165943 8.471327
v -15.371084 -22.120691 8.489030
v -15.402769 -22.075857 8.507208
v -15.435277 -22.031454 8.525859
v -15.468598 -21.987490 8.544976
v -15.502728 -21.943977 8.564558
v -15.537653 -21.900925 8.584596
v -15.573370 -21.858347 8.605088
v -15.609866 -21.816254 8.626027
v -15.647134 -21.774651 8.647408
v -15.685164 -21.733555 8.669229
v -15.723948 -21.692972 8.691480
v -15.763475 -21.652912 8.714158
v -15.803738 -21.613386 8.737257
v -15.844722 -21.574404 8.760772
v -15.886420 -21.535976 8.784696
v -15.928821 -21.498108 8.809023
v -15.971916 -21.460815 8.833748
v -16.015694 -21.424103 8.858865
v -16.060143 -21.387981 8.884367
v -16.105251 -21.352457 8.910249
v -16.151009 -21.317541 8.936502
v -16.197405 -21.283241 8.963121
v -16.244429 -21.249567 8.990100
v -16.292067 -21.216530 9.017432
v -16.340309 -21.184132 9.045110
v -16.389141 -21.152380 9.073127
v -16.438555 -21.121288 9.101477
v -16.488533 -21.090862 9.130152
v -16.539068 -21.061110 9.159145
v -16.590143 -21.032034 9.188450
v -16.641750 -21.003649 9.218059
v -16.693874 -20.975956 9.247963
v -16.746502 -20.948961 9.278158
v -16.799622 -20.922678 9.308635
v -16.853218 -20.897108 9.339385
v -16.907280 -20.872257 9.370402
v -16.961794 -20.848133 9.401678
v -17.016745 -20.824743 9.433207
v -17.072121 -20.802090 9.464977
v -17.127907 -20.780180 9.496984
v -17.184092 -20.759020 9.529220
v -17.240658 -20.738613 9.561674
v -17.297596 -20.718967 9.594340
v -17.354887 -20.700085 9.627211
v -17.412519 -20.681971 9.660276
v -17.470478 -20.664631 9.693530
v -17.528751 -20.648071 9.726963
v -17.587322 -20.632292 9.760567
v -17.646175 -20.617296 9.794333
v -17.705299 -20.603092 9.828255
v -17.764675 -20.589678 9.862322
v -17.824293 -20.577063 9.896526
v -17.884136 -20.565247 9.930861
v -17.944191 -20.554232 9.965316
v -18.004440 -20.544024 9.999884
v -18.064871 -20.534620 10.034554
v -18.125467 -20.526028 10.069321
v -18.186213 -20.518248 10.104173
v -18.247095 -20.511280 10.139104
v -18.308100 -20.505129 10.174103
v -18.369207 -20.499794 10.209164
v -18.430408 -20.495279 10.244277
v -18.491684 -20.491583 10.279434
v -18.553020 -20.488708 10.314625
v -18.614405 -20.486652 10.349842
v -18.675816 -20.485420 10.385076
v 13.676365 -23.816660 8.176559
v 17.587132 -20.485065 10.420308
v 13.676848 -23.764328 8.176837
v 13.678295 -23.712013 8.177668
v 13.680706 -23.659718 8.179050
v 13.684083 -23.607468 8.180987
v 13.688420 -23.555264 8.183476
v 13.693723 -23.503128 8.186518
v 13.699982 -23.451069 8.190109
v 13.707203 -23.399099 8.194253
v 13.715381 -23.347233 8.198944
v 13.724513 -23.295481 8.204185
v 13.734600 -23.243858 8.209970
v 13.745637 -23.192377 8.216303
v 13.757619 -23.141052 8.223179
v 13.770550 -23.089891 8.230597
v 13.784419 -23.038914 8.238555
v 13.799229 -22.988125 8.247051
v 13.814973 -22.937538 8.256084
v 13.831648 -22.887173 8.265651
v 13.849249 -22.837032 8.275749
v 13.867772 -22.787140 8.286377
v 13.887213 -22.737497 8.297531
v 13.907567 -22.688122 8.309209
v 13.928828 -22.639021 8.321407
v 13.950993 -22.590214 8.334124
v 13.974054 -22.541712 8.347355
v 13.998007 -22.493521 8.361097
v 14.022847 -22.445658 8.375348
v 14.048564 -22.398130 8.390104
v 14.075157 -22.350956 8.405360
v 14.102614 -22.304142 8.421114
v 14.130931 -22.257704 8.437361
v 14.160101 -22.211645 8.454097
v 14.190118 -22.165987 8.471317
v 14.220970 -22.120735 8.489019
v 14.252654 -22.075901 8.507198
v 14.285163 -22.031496 8.525849
v 14.318483 -21.987532 8.544967
v 14.352613 -21.944019 8.564548
v 14.387538 -21.900969 8.584586
v 14.423255 -21.858391 8.605079
v 14.459751 -21.816296 8.626018
v 14.497020 -21.774696 8.647399
v 14.535050 -21.733597 8.669219
v 14.573833 -21.693014 8.691470
v 14.613360 -21.652956 8.714149
v 14.653623 -21.613432 8.737247
v 14.694608 -21.574448 8.760762
v 14.736305 -21.536020 8.784686
v 14.778708 -21.498154 8.809013
v 14.821803 -21.460861 8.833738
v 14.865580 -21.424147 8.858855
v 14.910028 -21.388025 8.884357
v 14.955137 -21.352503 8.910238
v 15.000895 -21.317587 8.936491
v 15.047291 -21.283289 8.963111
v 15.094316 -21.249615 8.990089
v 15.141953 -21.216578 9.017422
v 15.190195 -21.184179 9.045099
v 15.239028 -21.152428 9.073116
v 15.288441 -21.121336 9.101466
v 15.338420 -21.090910 9.130141
v 15.388955 -21.061159 9.159135
v 15.440030 -21.032085 9.188440
v 15.491638 -21.003696 9.218048
v 15.543761 -20.976004 9.247952
v 15.596390 -20.949013 9.278148
v 15.649508 -20.922729 9.308624
v 15.703105 -20.897156 9.339375
v 15.757167 -20.872307 9.370392
v 15.811681 -20.848183 9.401668
v 15.866632 -20.824793 9.433196
v 15.922007 -20.802141 9.464967
v 15.977794 -20.780231 9.496973
v 16.033979 -20.759069 9.529209
v 16.090546 -20.738665 9.561664
v 16.147484 -20.719017 9.594329
v 16.204775 -20.700136 9.627199
v 16.262407 -20.682024 9.660265
v 16.320366 -20.664684 9.693519
v 16.378639 -20.648123 9.726952
v 16.437210 -20.632341 9.760555
v 16.496063 -20.617348 9.794322
v 16.555187 -20.603144 9.828243
v 16.614563 -20.589731 9.862310
v 16.674181 -20.577114 9.896515
v 16.734024 -20.565300 9.930849
v 16.794079 -20.554285 9.965304
v 16.854328 -20.544075 9.999872
v 16.914757 -20.534674 10.034542
v 16.975353 -20.526081 10.069309
v 17.036100 -20.518301 10.104161
v 17.096983 -20.511335 10.139092
v 17.157988 -20.505184 10.174091
v 17.219095 -20.499849 10.209152
v 17.280296 -20.495335 10.244266
v 17.341572 -20.491640 10.279423
v 17.402908 -20.488764 10.314613
v 17.464293 -20.486710 10.349831
v 17.525702 -20.485477 10.385064
v -18.737251 -20.485012 -10.420306
v -14.826486 -23.816618 -8.176558
v -18.675823 -20.485420 -10.385063
v -18.614412 -20.486652 -10.349829
v -18.553028 -20.488708 -10.314612
v -18.491692 -20.491583 -10.279421
v -18.430416 -20.495279 -10.244265
v -18.369215 -20.499794 -10.209151
v -18.308107 -20.505129 -10.174090
v -18.247103 -20.511280 -10.139091
v -18.186220 -20.518248 -10.104160
v -18.125475 -20.526028 -10.069307
v -18.064878 -20.534620 -10.034541
v -18.004448 -20.544024 -9.999870
v -17.944199 -20.554232 -9.965303
v -17.884144 -20.565247 -9.930848
v -17.824303 -20.577063 -9.896514
v -17.764683 -20.589678 -9.862309
v -17.705307 -20.603092 -9.828242
v -17.646183 -20.617296 -9.794321
v -17.587330 -20.632292 -9.760553
v -17.528759 -20.648071 -9.726951
v -17.470486 -20.664631 -9.693518
v -17.412527 -20.681971 -9.660264
v -17.354895 -20.700085 -9.627197
v -17.297604 -20.718967 -9.594328
v -17.240665 -20.738613 -9.561661
v -17.184099 -20.759020 -9.529206
v -17.127914 -20.780180 -9.496971
v -17.072128 -20.802090 -9.464965
v -17.016752 -20.824743 -9.433193
v -16.961802 -20.848133 -9.401666
v -16.907288 -20.872257 -9.370390
v -16.853226 -20.897108 -9.339373
v -16.799629 -20.922678 -9.308621
v -16.746510 -20.948961 -9.278146
v -16.693882 -20.975956 -9.247951
v -16.641758 -21.003649 -9.218046
v -16.590151 -21.032034 -9.188437
v -16.539076 -21.061110 -9.159133
v -16.488541 -21.090862 -9.130139
v -16.438562 -21.121288 -9.101464
v -16.389149 -21.152380 -9.073114
v -16.340317 -21.184132 -9.045097
v -16.292074 -21.216530 -9.017420
v -16.244436 -21.249567 -8.990087
v -16.197412 -21.283241 -8.963109
v -16.151016 -21.317541 -8.936489
v -16.105259 -21.352457 -8.910236
v -16.060150 -21.387981 -8.884356
v -16.015701 -21.424103 -8.858854
v -15.971923 -21.460815 -8.833737
v -15.928827 -21.498108 -8.809012
v -15.886426 -21.535976 -8.784685
v -15.844728 -21.574404 -8.760761
v -15.803743 -21.613386 -8.737247
v -15.763481 -21.652912 -8.714148
v -15.723953 -21.692972 -8.691469
v -15.685170 -21.733555 -8.669218
v -15.647140 -21.774651 -8.647398
v -15.609872 -21.816254 -8.626017
v -15.573376 -21.858347 -8.605077
v -15.537659 -21.900925 -8.584585
v -15.502734 -21.943977 -8.564548
v -15.468604 -21.987490 -8.544965
v -15.435283 -22.031454 -8.525847
v -15.402775 -22.075857 -8.507197
v -15.371090 -22.120691 -8.489019
v -15.340238 -22.165943 -8.471316
v -15.310221 -22.211603 -8.454096
v -15.281052 -22.257658 -8.437359
v -15.252734 -22.304100 -8.421112
v -15.225277 -22.350912 -8.405359
v -15.198684 -22.398087 -8.390103
v -15.172967 -22.445612 -8.375347
v -15.148128 -22.493477 -8.361096
v -15.124174 -22.541666 -8.347354
v -15.101112 -22.590168 -8.334122
v -15.078948 -22.638977 -8.321405
v -15.057688 -22.688076 -8.309208
v -15.037333 -22.737452 -8.297530
v -15.017892 -22.787094 -8.286375
v -14.999369 -22.836988 -8.275748
v -14.981769 -22.887127 -8.265650
v -14.965093 -22.937492 -8.256083
v -14.949349 -22.988081 -8.247049
v -14.934540 -23.038868 -8.238554
v -14.920670 -23.089848 -8.230596
v -14.907740 -23.141008 -8.223177
v -14.895757 -23.192337 -8.216302
v -14.884721 -23.243818 -8.209970
v -14.874633 -23.295441 -8.204184
v -14.865500 -23.347187 -8.198943
v -14.857323 -23.399055 -8.194252
v -14.850102 -23.451025 -8.190108
v -14.843843 -23.503084 -8.186517
v -14.838540 -23.555223 -8.183475
v -14.834203 -23.607424 -8.180986
v -14.830827 -23.659678 -8.179049
v -14.828416 -23.711967 -8.177666
v -14.826968 -23.764286 -8.176835
v -0.544097 -181.023285 -14.891232
v -0.544088 -181.023285 14.891234
v -2.087434 -181.072220 -14.891231
v -2.087425 -181.072220 14.891235
v 2.536485 -181.218765 -14.891232
v 2.536495 -181.218765 14.891233
v 0.999239 -181.072220 -14.891232
v 0.999249 -181.072220 14.891234
v 9.921189 -183.382797 -14.891237
v 9.921199 -183.382797 14.891229
v 7.051273 -182.236679 -14.891221
v 7.051283 -182.236679 14.891232
v 4.061574 -181.462418 -14.891232
v 4.061584 -181.462418 14.891233
v -11.009376 -183.382797 14.891235
v -11.009385 -183.382797 -14.891231
v 8.504086 -182.764252 -14.891237
v 8.504095 -182.764252 14.891229
v -5.149768 -181.462418 -14.891230
v -5.149759 -181.462418 14.891236
v -8.139460 -182.236679 14.891238
v -8.139470 -182.236679 -14.891229
v 5.568486 -181.802155 -14.891221
v 5.568495 -181.802155 14.891232
v -6.656672 -181.802155 14.891237
v -6.656682 -181.802155 -14.891230
v -9.592272 -182.764252 14.891234
v -9.592281 -182.764252 -14.891232
v -12.385179 -184.089890 14.891235
v -12.385188 -184.089890 -14.891231
v 11.296992 -184.089890 -14.891238
v 11.297002 -184.089890 14.891228
v -3.624680 -181.218765 -14.891231
v -3.624671 -181.218765 14.891235
v -17.369665 -187.742645 14.891237
v -17.369678 -187.742676 -14.891229
v -18.461508 -188.843948 14.891237
v -18.461519 -188.843948 -14.891229
v -22.082949 -193.871582 14.891239
v -22.082960 -193.871582 -14.891227
v -21.296940 -192.531006 14.891238
v -21.296951 -192.531006 -14.891228
v 15.123237 -186.712692 -14.891239
v 15.123246 -186.712692 14.891227
v 20.208754 -192.531006 -14.891241
v 20.208765 -192.531006 14.891225
v 19.340843 -191.242859 -14.891241
v 19.340853 -191.242859 14.891225
v 18.394453 -190.012222 -14.891240
v 18.394463 -190.012222 14.891226
v 12.626064 -184.882690 -14.891238
v 12.626074 -184.882690 14.891228
v 13.903158 -185.758102 -14.891239
v 13.903167 -185.758102 14.891227
v -13.714250 -184.882690 14.891236
v -13.714260 -184.882690 -14.891230
v -19.482637 -190.012222 14.891238
v -19.482651 -190.012222 -14.891228
v -20.429028 -191.242859 14.891238
v -20.429041 -191.242859 -14.891228
v 16.281481 -187.742676 -14.891240
v 16.281490 -187.742645 14.891226
v 17.373322 -188.843948 -14.891240
v 17.373333 -188.843948 14.891226
v -16.211422 -186.712692 14.891237
v -16.211433 -186.712692 -14.891229
v -14.991343 -185.758102 14.891236
v -14.991354 -185.758102 -14.891230
v -23.397192 -196.688660 14.891239
v -23.397203 -196.688660 -14.891227
v -24.687859 -201.169617 14.891239
v -24.687870 -201.169617 -14.891227
v 22.309008 -196.688660 -14.891242
v 22.309019 -196.688660 14.891224
v 23.986540 -204.258453 -14.891242
v 23.986551 -204.258453 14.891224
v 21.695770 -195.259293 -14.891241
v 21.695782 -195.259293 14.891225
v 22.832052 -198.154053 -14.891242
v 22.832064 -198.154053 14.891224
v -23.920237 -198.154053 14.891239
v -23.920248 -198.154053 -14.891227
v -24.351027 -199.649673 14.891239
v -24.351038 -199.649673 -14.891227
v -22.783955 -195.259293 14.891239
v -22.783966 -195.259293 -14.891227
v 20.994764 -193.871582 -14.891241
v 20.994776 -193.871582 14.891225
v 23.599676 -201.169617 -14.891242
v 23.599688 -201.169617 14.891224
v 23.841227 -202.707916 -14.891242
v 23.841238 -202.707916 14.891224
v -24.929411 -202.707916 14.891240
v -24.929422 -202.707916 -14.891226
v -25.074722 -204.258453 14.891240
v -25.074734 -204.258453 -14.891226
v 23.262842 -199.649673 -14.891242
v 23.262854 -199.649673 14.891224
v -24.687857 -210.460663 14.891243
v -24.687870 -210.460709 -14.891224
v -24.351027 -211.980652 14.891243
v -24.351038 -211.980652 -14.891224
v -23.920237 -213.476242 14.891243
v -23.920248 -213.476273 -14.891224
v 21.695770 -216.371017 -14.891226
v 21.695782 -216.371017 14.891228
v -23.397188 -214.941666 14.891243
v -23.397203 -214.941666 -14.891224
v -24.929411 -208.922409 14.891244
v -24.929422 -208.922409 -14.891223
v -22.783953 -216.371002 14.891243
v -22.783966 -216.371017 -14.891224
v 24.035040 -205.815155 -14.891242
v 24.035051 -205.815155 14.891224
v -25.123224 -205.815155 14.891240
v -25.123236 -205.815155 -14.891226
v 23.262842 -211.980652 -14.891227
v 23.262854 -211.980652 14.891227
v 23.986540 -207.371857 -14.891242
v 23.986551 -207.371857 14.891224
v 22.309008 -214.941666 -14.891227
v 22.309019 -214.941666 14.891227
v -25.074722 -207.371857 14.891240
v -25.074734 -207.371857 -14.891226
v 23.599676 -210.460693 -14.891227
v 23.599688 -210.460693 14.891227
v 23.841227 -208.922409 -14.891227
v 23.841238 -208.922409 14.891227
v 22.832052 -213.476273 -14.891227
v 22.832064 -213.476273 14.891227
v -20.429041 -220.387451 -14.891225
v -20.429029 -220.387451 14.891241
v -21.296951 -219.099304 -14.891225
v -21.296940 -219.099304 14.891241
v -19.482651 -221.618088 -14.891225
v -19.482639 -221.618088 14.891241
v -14.991353 -225.872208 -14.891227
v -14.991344 -225.872223 14.891239
v -22.082949 -217.758728 14.891243
v -22.082960 -217.758728 -14.891224
v 20.994764 -217.758728 -14.891226
v 20.994776 -217.758728 14.891228
v 20.208754 -219.099304 -14.891238
v 20.208765 -219.099304 14.891228
v 15.123238 -224.917633 -14.891236
v 15.123246 -224.917633 14.891230
v -17.369677 -223.887665 -14.891226
v -17.369667 -223.887665 14.891240
v 16.281479 -223.887665 -14.891237
v 16.281492 -223.887665 14.891229
v 17.373322 -222.786362 -14.891237
v 17.373333 -222.786362 14.891229
v 13.903157 -225.872208 -14.891236
v 13.903168 -225.872223 14.891230
v -18.461519 -222.786362 -14.891226
v -18.461508 -222.786362 14.891240
v 19.340843 -220.387451 -14.891238
v 19.340855 -220.387451 14.891228
v 18.394453 -221.618088 -14.891237
v 18.394464 -221.618088 14.891229
v -16.211433 -224.917633 -14.891226
v -16.211422 -224.917633 14.891240
v 12.626064 -226.747620 -14.891235
v 12.626074 -226.747635 14.891231
v -2.087434 -230.558075 -14.891231
v -2.087425 -230.558090 14.891235
v 5.568486 -229.828156 -14.891233
v 5.568495 -229.828156 14.891232
v 4.061574 -230.167892 -14.891232
v 4.061584 -230.167892 14.891233
v -8.139470 -229.393631 -14.891229
v -8.139460 -229.393646 14.891237
v -13.714260 -226.747620 -14.891227
v -13.714251 -226.747635 14.891239
v 9.921189 -228.247513 -14.891234
v 9.921199 -228.247513 14.891232
v 11.296992 -227.540436 -14.891235
v 11.297002 -227.540436 14.891231
v -9.592281 -228.866058 -14.891229
v -9.592272 -228.866058 14.891237
v -12.385188 -227.540436 -14.891228
v -12.385179 -227.540436 14.891238
v -11.009385 -228.247513 -14.891228
v -11.009376 -228.247513 14.891238
v -0.544097 -230.607040 -14.891232
v -0.544088 -230.607040 14.891234
v -6.656682 -229.828156 -14.891230
v -6.656672 -229.828156 14.891236
v 0.999239 -230.558075 -14.891232
v 0.999249 -230.558090 14.891234
v 8.504086 -228.866058 -14.891234
v 8.504095 -228.866058 14.891232
v 7.051273 -229.393631 -14.891233
v 7.051283 -229.393646 14.891232
v -3.624680 -230.411560 -14.891231
v -3.624671 -230.411545 14.891235
v -5.149768 -230.167892 -14.891230
v -5.149759 -230.167892 14.891236
v 2.536485 -230.411560 -14.891232
v 2.536495 -230.411545 14.891233
vn -0.0000 -1.0000 -0.0000
vn 1.0000 -0.0000 -0.0000
vn -0.0000 -0.0000 1.0000
vn -0.0000 1.0000 -0.0078
vn 0.9999 0.0100 -0.0000
vn 0.9996 0.0287 -0.0000
vn 0.9989 0.0467 -0.0000
vn 0.9979 0.0641 -0.0000
vn 0.9967 0.0814 -0.0000
vn 0.9952 0.0984 -0.0000
vn 0.9933 0.1151 -0.0000
vn 0.9913 0.1318 -0.0000
vn 0.9889 0.1483 -0.0000
vn 0.9864 0.1645 -0.0000
vn 0.9835 0.1808 -0.0000
vn 0.9804 0.1968 -0.0000
vn 0.9771 0.2126 -0.0000
vn 0.9735 0.2285 -0.0000
vn 0.9698 0.2441 -0.0000
vn 0.9657 0.2596 -0.0000
vn 0.9614 0.2750 -0.0000
vn 0.9570 0.2902 -0.0000
vn 0.9522 0.3054 -0.0000
vn 0.9473 0.3203 -0.0000
vn 0.9421 0.3352 -0.0000
vn 0.9368 0.3500 -0.0000
vn 0.9312 0.3645 -0.0000
vn 0.9253 0.3791 -0.0000
vn 0.9194 0.3934 -0.0000
vn 0.9132 0.4076 -0.0000
vn 0.9067 0.4217 -0.0000
vn 0.9001 0.4356 -0.0000
vn 0.8933 0.4495 -0.0000
vn 0.8863 0.4631 -0.0000
vn 0.8791 0.4766 -0.0000
vn 0.8717 0.4900 -0.0000
vn 0.8642 0.5032 -0.0000
vn 0.8564 0.5163 -0.0000
vn 0.8484 0.5294 -0.0000
vn 0.8403 0.5422 -0.0000
vn 0.8319 0.5549 -0.0000
vn 0.8235 0.5674 -0.0000
vn 0.8148 0.5798 -0.0000
vn 0.8059 0.5921 -0.0000
vn 0.7969 0.6041 -0.0000
vn 0.7877 0.6161 -0.0000
vn 0.7784 0.6278 -0.0000
vn 0.7689 0.6394 -0.0000
vn 0.7591 0.6510 -0.0000
vn 0.7493 0.6622 -0.0000
vn 0.7393 0.6734 -0.0000
vn 0.7291 0.6844 -0.0000
vn 0.7188 0.6952 -0.0000
vn 0.7083 0.7059 -0.0000
vn 0.6976 0.7165 -0.0000
vn 0.6869 0.7268 -0.0000
vn 0.6758 0.7371 -0.0000
vn 0.6649 0.7470 -0.0000
vn 0.6535 0.7570 -0.0000
vn 0.6422 0.7665 -0.0000
vn 0.6306 0.7761 -0.0000
vn 0.6190 0.7854 -0.0000
vn 0.6071 0.7946 -0.0000
vn 0.5951 0.8037 -0.0000
vn 0.5831 0.8124 -0.0000
vn 0.5708 0.8211 -0.0000
vn 0.5584 0.8296 -0.0000
vn 0.5460 0.8378 -0.0000
vn 0.5333 0.8459 -0.0000
vn 0.5204 0.8539 -0.0000
vn 0.5075 0.8616 -0.0000
vn 0.4945 0.8692 -0.0000
vn 0.4814 0.8765 -0.0000
vn 0.4681 0.8837 -0.0000
vn 0.4547 0.8907 -0.0000
vn 0.4410 0.8975 -0.0000
vn 0.4275 0.9040 -0.0000
vn 0.4136 0.9105 -0.0000
vn 0.3997 0.9166 -0.0000
vn 0.3856 0.9226 -0.0000
vn 0.3716 0.9284 -0.0000
vn 0.3572 0.9340 -0.0000
vn 0.3429 0.9394 -0.0000
vn 0.3283 0.9446 -0.0000
vn 0.3138 0.9495 -0.0000
vn 0.2989 0.9543 -0.0000
vn 0.2842 0.9588 -0.0000
vn 0.2691 0.9631 -0.0000
vn 0.2540 0.9672 -0.0000
vn 0.2388 0.9711 -0.0000
vn 0.2234 0.9747 -0.0000
vn 0.2080 0.9781 -0.0000
vn 0.1925 0.9813 -0.0000
vn 0.1767 0.9843 -0.0000
vn 0.1609 0.9870 -0.0000
vn 0.1450 0.9894 -0.0000
vn 0.1287 0.9917 -0.0000
vn 0.1125 0.9937 -0.0000
vn 0.0963 0.9954 -0.0000
vn 0.0795 0.9968 -0.0000
vn 0.0627 0.9980 -0.0000
vn 0.0455 0.9990 -0.0000
vn 0.0281 0.9996 -0.0000
vn 0.0099 1.0000 -0.0000
vn 0.0098 -1.0000 -0.0000
vn 0.0281 -0.9996 -0.0000
vn 0.0455 -0.9990 -0.0000
vn 0.0627 -0.9980 -0.0000
vn 0.0795 -0.9968 -0.0000
vn 0.0961 -0.9954 -0.0000
vn 0.1126 -0.9936 -0.0000
vn 0.1288 -0.9917 -0.0000
vn 0.1448 -0.9895 -0.0000
vn 0.1608 -0.9870 -0.0000
vn 0.1767 -0.9843 -0.0000
vn 0.1925 -0.9813 -0.0000
vn 0.2080 -0.9781 -0.0000
vn 0.2234 -0.9747 -0.0000
vn 0.2388 -0.9711 -0.0000
vn 0.2540 -0.9672 -0.0000
vn 0.2691 -0.9631 -0.0000
vn 0.2842 -0.9588 -0.0000
vn 0.2989 -0.9543 -0.0000
vn 0.3138 -0.9495 -0.0000
vn 0.3283 -0.9446 -0.0000
vn 0.3429 -0.9394 -0.0000
vn 0.3572 -0.9340 -0.0000
vn 0.3716 -0.9284 -0.0000
vn 0.3856 -0.9226 -0.0000
vn 0.3997 -0.9166 -0.0000
vn 0.4136 -0.9105 -0.0000
vn 0.4275 -0.9040 -0.0000
vn 0.4411 -0.8975 -0.0000
vn 0.4547 -0.8906 -0.0000
vn 0.4680 -0.8838 -0.0000
vn 0.4813 -0.8765 -0.0000
vn 0.4946 -0.8691 -0.0000
vn 0.5075 -0.8616 -0.0000
vn 0.5205 -0.8538 -0.0000
vn 0.5333 -0.8459 -0.0000
vn 0.5459 -0.8378 -0.0000
vn 0.5584 -0.8296 -0.0000
vn 0.5708 -0.8211 -0.0000
vn 0.5830 -0.8125 -0.0000
vn 0.5952 -0.8036 -0.0000
vn 0.6071 -0.7946 -0.0000
vn 0.6189 -0.7855 -0.0000
vn 0.6307 -0.7760 -0.0000
vn 0.6421 -0.7666 -0.0000
vn 0.6535 -0.7569 -0.0000
vn 0.6649 -0.7470 -0.0000
vn 0.6758 -0.7371 -0.0000
vn 0.6869 -0.7268 -0.0000
vn 0.6977 -0.7164 -0.0000
vn 0.7082 -0.7060 -0.0000
vn 0.7187 -0.6953 -0.0000
vn 0.7291 -0.6844 -0.0000
vn 0.7393 -0.6734 -0.0000
vn 0.7493 -0.6622 -0.0000
vn 0.7591 -0.6510 -0.0000
vn 0.7688 -0.6394 -0.0000
vn 0.7784 -0.6278 -0.0000
vn 0.7877 -0.6161 -0.0000
vn 0.7969 -0.6041 -0.0000
vn 0.8059 -0.5921 -0.0000
vn 0.8148 -0.5798 -0.0000
vn 0.8235 -0.5674 -0.0000
vn 0.8319 -0.5549 -0.0000
vn 0.8403 -0.5422 -0.0000
vn 0.8484 -0.5294 -0.0000
vn 0.8564 -0.5163 -0.0000
vn 0.8641 -0.5033 -0.0000
vn 0.8718 -0.4899 -0.0000
vn 0.8791 -0.4766 -0.0000
vn 0.8863 -0.4631 -0.0000
vn 0.8933 -0.4494 -0.0000
vn 0.9001 -0.4356 -0.0000
vn 0.9067 -0.4217 -0.0000
vn 0.9132 -0.4076 -0.0000
vn 0.9194 -0.3934 -0.0000
vn 0.9254 -0.3790 -0.0000
vn 0.9312 -0.3646 -0.0000
vn 0.9368 -0.3499 -0.0000
vn 0.9421 -0.3353 -0.0000
vn 0.9473 -0.3203 -0.0000
vn 0.9522 -0.3054 -0.0000
vn 0.9570 -0.2902 -0.0000
vn 0.9614 -0.2750 -0.0000
vn 0.9657 -0.2596 -0.0000
vn 0.9698 -0.2441 -0.0000
vn 0.9735 -0.2285 -0.0000
vn 0.9771 -0.2127 -0.0000
vn 0.9805 -0.1968 -0.0000
vn 0.9835 -0.1808 -0.0000
vn 0.9864 -0.1646 -0.0000
vn 0.9890 -0.1482 -0.0000
vn 0.9913 -0.1318 -0.0000
vn 0.9933 -0.1151 -0.0000
vn 0.9952 -0.0984 -0.0000
vn 0.9967 -0.0814 -0.0000
vn 0.9979 -0.0641 -0.0000
vn 0.9989 -0.0466 -0.0000
vn 0.9996 -0.0287 -0.0000
vn 0.9999 -0.0100 -0.0000
vn -0.0000 0.9997 -0.0235
vn -0.0000 0.9992 -0.0399
vn -0.0000 0.9985 -0.0551
vn -0.0000 0.9975 -0.0713
vn -0.0000 0.9962 -0.0870
vn -0.0000 0.9947 -0.1028
vn -0.0000 0.9929 -0.1188
vn -0.0000 0.9910 -0.1340
vn -0.0000 0.9887 -0.1500
vn -0.0000 0.9862 -0.1658
vn -0.0000 0.9834 -0.1812
vn -0.0000 0.9805 -0.1964
vn -0.0000 0.9772 -0.2124
vn -0.0000 0.9738 -0.2276
vn -0.0000 0.9700 -0.2432
vn -0.0000 0.9660 -0.2584
vn -0.0000 0.9619 -0.2734
vn -0.0000 0.9573 -0.2889
vn -0.0000 0.9527 -0.3039
vn -0.0000 0.9478 -0.3188
vn -0.0000 0.9425 -0.3341
vn -0.0000 0.9372 -0.3487
vn -0.0000 0.9316 -0.3635
vn -0.0000 0.9257 -0.3782
vn -0.0000 0.9196 -0.3928
vn -0.0000 0.9134 -0.4070
vn -0.0000 0.9067 -0.4217
vn -0.0000 0.9000 -0.4359
vn -0.0000 0.8930 -0.4501
vn -0.0000 0.8858 -0.4640
vn -0.0000 0.8783 -0.4781
vn -0.0000 0.8707 -0.4918
vn -0.0000 0.8628 -0.5055
vn -0.0000 0.8548 -0.5190
vn -0.0000 0.8463 -0.5327
vn -0.0000 0.8381 -0.5456
vn -0.0000 0.8292 -0.5590
vn -0.0000 0.8204 -0.5718
vn -0.0000 0.8112 -0.5847
vn -0.0000 0.8019 -0.5975
vn -0.0000 0.7924 -0.6100
vn -0.0000 0.7827 -0.6224
vn -0.0000 0.7728 -0.6346
vn -0.0000 0.7628 -0.6466
vn -0.0000 0.7525 -0.6586
vn -0.0000 0.7420 -0.6704
vn -0.0000 0.7314 -0.6819
vn -0.0000 0.7204 -0.6935
vn -0.0000 0.7096 -0.7046
vn -0.0000 0.6985 -0.7156
vn -0.0000 0.6872 -0.7265
vn -0.0000 0.6756 -0.7373
vn -0.0000 0.6640 -0.7477
vn -0.0000 0.6522 -0.7580
vn -0.0000 0.6401 -0.7683
vn -0.0000 0.6280 -0.7782
vn -0.0000 0.6160 -0.7878
vn -0.0000 0.6033 -0.7975
vn -0.0000 0.5907 -0.8069
vn -0.0000 0.5782 -0.8159
vn -0.0000 0.5652 -0.8249
vn -0.0000 0.5523 -0.8337
vn -0.0000 0.5392 -0.8422
vn -0.0000 0.5258 -0.8506
vn -0.0000 0.5126 -0.8586
vn -0.0000 0.4990 -0.8666
vn -0.0000 0.4855 -0.8743
vn -0.0000 0.4717 -0.8818
vn -0.0000 0.4578 -0.8890
vn -0.0000 0.4439 -0.8961
vn -0.0000 0.4298 -0.9029
vn -0.0000 0.4158 -0.9095
vn -0.0000 0.4014 -0.9159
vn -0.0000 0.3871 -0.9220
vn -0.0000 0.3726 -0.9280
vn -0.0000 0.3581 -0.9337
vn -0.0000 0.3435 -0.9392
vn -0.0000 0.3288 -0.9444
vn -0.0000 0.3141 -0.9494
vn -0.0000 0.2992 -0.9542
vn -0.0000 0.2843 -0.9587
vn -0.0000 0.2692 -0.9631
vn -0.0000 0.2543 -0.9671
vn -0.0000 0.2391 -0.9710
vn -0.0000 0.2239 -0.9746
vn -0.0000 0.2088 -0.9780
vn -0.0000 0.1935 -0.9811
vn -0.0000 0.1781 -0.9840
vn -0.0000 0.1628 -0.9867
vn -0.0000 0.1474 -0.9891
vn -0.0000 0.1320 -0.9912
vn -0.0000 0.1166 -0.9932
vn -0.0000 0.1010 -0.9949
vn -0.0000 0.0855 -0.9963
vn -0.0000 0.0700 -0.9975
vn -0.0000 0.0545 -0.9985
vn -0.0000 0.0389 -0.9992
vn -0.0000 0.0234 -0.9997
vn -0.0000 0.0078 -1.0000
vn -0.0000 1.0000 0.0078
vn 0.0078 1.0000 -0.0000
vn 0.0229 0.9997 -0.0000
vn 0.0390 0.9992 -0.0000
vn 0.0543 0.9985 -0.0000
vn 0.0700 0.9975 -0.0000
vn 0.0850 0.9964 -0.0000
vn 0.1007 0.9949 -0.0000
vn 0.1165 0.9932 -0.0000
vn 0.1311 0.9914 -0.0000
vn 0.1470 0.9891 -0.0000
vn 0.1625 0.9867 -0.0000
vn 0.1776 0.9841 -0.0000
vn 0.1928 0.9812 -0.0000
vn 0.2084 0.9781 -0.0000
vn 0.2232 0.9748 -0.0000
vn 0.2387 0.9711 -0.0000
vn 0.2535 0.9673 -0.0000
vn 0.2683 0.9633 -0.0000
vn 0.2835 0.9590 -0.0000
vn 0.2985 0.9544 -0.0000
vn 0.3129 0.9498 -0.0000
vn 0.3281 0.9446 -0.0000
vn 0.3425 0.9395 -0.0000
vn 0.3571 0.9341 -0.0000
vn 0.3717 0.9284 -0.0000
vn 0.3861 0.9224 -0.0000
vn 0.4002 0.9164 -0.0000
vn 0.4146 0.9100 -0.0000
vn 0.4289 0.9034 -0.0000
vn 0.4428 0.8966 -0.0000
vn 0.4567 0.8896 -0.0000
vn 0.4707 0.8823 -0.0000
vn 0.4843 0.8749 -0.0000
vn 0.4978 0.8673 -0.0000
vn 0.5113 0.8594 -0.0000
vn 0.5249 0.8512 -0.0000
vn 0.5377 0.8431 -0.0000
vn 0.5514 0.8343 -0.0000
vn 0.5641 0.8257 -0.0000
vn 0.5769 0.8168 -0.0000
vn 0.5895 0.8078 -0.0000
vn 0.6022 0.7983 -0.0000
vn 0.6147 0.7887 -0.0000
vn 0.6269 0.7791 -0.0000
vn 0.6389 0.7693 -0.0000
vn 0.6509 0.7591 -0.0000
vn 0.6631 0.7486 -0.0000
vn 0.6744 0.7383 -0.0000
vn 0.6863 0.7273 -0.0000
vn 0.6972 0.7169 -0.0000
vn 0.7084 0.7058 -0.0000
vn 0.7196 0.6944 -0.0000
vn 0.7305 0.6830 -0.0000
vn 0.7410 0.6715 -0.0000
vn 0.7514 0.6598 -0.0000
vn 0.7619 0.6477 -0.0000
vn 0.7719 0.6357 -0.0000
vn 0.7818 0.6236 -0.0000
vn 0.7915 0.6111 -0.0000
vn 0.8011 0.5985 -0.0000
vn 0.8103 0.5860 -0.0000
vn 0.8195 0.5731 -0.0000
vn 0.8285 0.5599 -0.0000
vn 0.8371 0.5470 -0.0000
vn 0.8458 0.5335 -0.0000
vn 0.8540 0.5203 -0.0000
vn 0.8622 0.5066 -0.0000
vn 0.8700 0.4931 -0.0000
vn 0.8778 0.4791 -0.0000
vn 0.8852 0.4652 -0.0000
vn 0.8924 0.4512 -0.0000
vn 0.8995 0.4370 -0.0000
vn 0.9063 0.4227 -0.0000
vn 0.9128 0.4084 -0.0000
vn 0.9192 0.3937 -0.0000
vn 0.9253 0.3792 -0.0000
vn 0.9312 0.3644 -0.0000
vn 0.9368 0.3497 -0.0000
vn 0.9423 0.3348 -0.0000
vn 0.9475 0.3199 -0.0000
vn 0.9524 0.3047 -0.0000
vn 0.9572 0.2896 -0.0000
vn 0.9616 0.2744 -0.0000
vn 0.9658 0.2591 -0.0000
vn 0.9699 0.2437 -0.0000
vn 0.9736 0.2283 -0.0000
vn 0.9771 0.2129 -0.0000
vn 0.9804 0.1973 -0.0000
vn 0.9834 0.1817 -0.0000
vn 0.9861 0.1661 -0.0000
vn 0.9886 0.1504 -0.0000
vn 0.9909 0.1347 -0.0000
vn 0.9929 0.1189 -0.0000
vn 0.9947 0.1031 -0.0000
vn 0.9962 0.0872 -0.0000
vn 0.9974 0.0715 -0.0000
vn 0.9985 0.0556 -0.0000
vn 0.9992 0.0397 -0.0000
vn 0.9997 0.0239 -0.0000
vn 1.0000 0.0080 -0.0000
vn -0.0000 0.9997 0.0235
vn -0.0000 0.9992 0.0399
vn -0.0000 0.9985 0.0551
vn -0.0000 0.9975 0.0713
vn -0.0000 0.9962 0.0870
vn -0.0000 0.9947 0.1028
vn -0.0000 0.9929 0.1188
vn -0.0000 0.9910 0.1340
vn -0.0000 0.9887 0.1500
vn -0.0000 0.9862 0.1658
vn -0.0000 0.9834 0.1812
vn -0.0000 0.9805 0.1964
vn -0.0000 0.9772 0.2124
vn -0.0000 0.9738 0.2276
vn -0.0000 0.9700 0.2432
vn -0.0000 0.9660 0.2584
vn -0.0000 0.9619 0.2734
vn -0.0000 0.9573 0.2889
vn -0.0000 0.9527 0.3039
vn -0.0000 0.9478 0.3188
vn -0.0000 0.9425 0.3341
vn -0.0000 0.9372 0.3487
vn -0.0000 0.9316 0.3635
vn -0.0000 0.9257 0.3782
vn -0.0000 0.9196 0.3928
vn -0.0000 0.9134 0.4070
vn -0.0000 0.9067 0.4217
vn -0.0000 0.9000 0.4359
vn -0.0000 0.8930 0.4501
vn -0.0000 0.8858 0.4640
vn -0.0000 0.8783 0.4781
vn -0.0000 0.8707 0.4918
vn -0.0000 0.8628 0.5055
vn -0.0000 0.8548 0.5190
vn -0.0000 0.8463 0.5327
vn -0.0000 0.8380 0.5456
vn -0.0000 0.8292 0.5590
vn -0.0000 0.8204 0.5718
vn -0.0000 0.8112 0.5847
vn -0.0000 0.8019 0.5974
vn -0.0000 0.7924 0.6100
vn -0.0000 0.7827 0.6223
vn -0.0000 0.7728 0.6346
vn -0.0000 0.7628 0.6466
vn -0.0000 0.7525 0.6586
vn -0.0000 0.7420 0.6704
vn -0.0000 0.7314 0.6819
vn -0.0000 0.7204 0.6935
vn -0.0000 0.7096 0.7046
vn -0.0000 0.6985 0.7156
vn -0.0000 0.6872 0.7265
vn -0.0000 0.6756 0.7373
vn -0.0000 0.6640 0.7477
vn -0.0000 0.6522 0.7580
vn -0.0000 0.6401 0.7683
vn -0.0000 0.6280 0.7782
vn -0.0000 0.6159 0.7878
vn -0.0000 0.6033 0.7975
vn -0.0000 0.5907 0.8069
vn -0.0000 0.5782 0.8159
vn -0.0000 0.5652 0.8249
vn -0.0000 0.5523 0.8337
vn -0.0000 0.5392 0.8422
vn -0.0000 0.5258 0.8506
vn -0.0000 0.5126 0.8586
vn -0.0000 0.4990 0.8666
vn -0.0000 0.4855 0.8743
vn -0.0000 0.4717 0.8818
vn -0.0000 0.4578 0.8890
vn -0.0000 0.4439 0.8961
vn -0.0000 0.4298 0.9029
vn -0.0000 0.4158 0.9095
vn -0.0000 0.4014 0.9159
vn -0.0000 0.3871 0.9220
vn -0.0000 0.3727 0.9280
vn -0.0000 0.3581 0.9337
vn -0.0000 0.3435 0.9392
vn -0.0000 0.3288 0.9444
vn -0.0000 0.3141 0.9494
vn -0.0000 0.2992 0.9542
vn -0.0000 0.2843 0.9587
vn -0.0000 0.2692 0.9631
vn -0.0000 0.2543 0.9671
vn -0.0000 0.2391 0.9710
vn -0.0000 0.2239 0.9746
vn -0.0000 0.2088 0.9780
vn -0.0000 0.1935 0.9811
vn -0.0000 0.1781 0.9840
vn -0.0000 0.1628 0.9867
vn -0.0000 0.1474 0.9891
vn -0.0000 0.1320 0.9912
vn -0.0000 0.1165 0.9932
vn -0.0000 0.1011 0.9949
vn -0.0000 0.0855 0.9963
vn -0.0000 0.0700 0.9975
vn -0.0000 0.0545 0.9985
vn -0.0000 0.0389 0.9992
vn -0.0000 0.0234 0.9997
vn -0.0000 0.0078 1.0000
vn -0.0000 1.0000 -0.0000
vn -1.0000 -0.0000 -0.0000
vn -0.9999 0.0100 -0.0000
vn -0.9996 0.0287 -0.0000
vn -0.9989 0.0466 -0.0000
vn -0.9979 0.0641 -0.0000
vn -0.9967 0.0814 -0.0000
vn -0.9952 0.0983 -0.0000
vn -0.9933 0.1152 -0.0000
vn -0.9913 0.1318 -0.0000
vn -0.9889 0.1483 -0.0000
vn -0.9864 0.1645 -0.0000
vn -0.9835 0.1808 -0.0000
vn -0.9804 0.1968 -0.0000
vn -0.9771 0.2126 -0.0000
vn -0.9736 0.2285 -0.0000
vn -0.9698 0.2441 -0.0000
vn -0.9657 0.2596 -0.0000
vn -0.9615 0.2750 -0.0000
vn -0.9570 0.2902 -0.0000
vn -0.9522 0.3054 -0.0000
vn -0.9473 0.3203 -0.0000
vn -0.9421 0.3352 -0.0000
vn -0.9368 0.3500 -0.0000
vn -0.9312 0.3646 -0.0000
vn -0.9254 0.3791 -0.0000
vn -0.9194 0.3934 -0.0000
vn -0.9132 0.4076 -0.0000
vn -0.9067 0.4217 -0.0000
vn -0.9001 0.4356 -0.0000
vn -0.8933 0.4495 -0.0000
vn -0.8863 0.4631 -0.0000
vn -0.8791 0.4766 -0.0000
vn -0.8717 0.4900 -0.0000
vn -0.8642 0.5032 -0.0000
vn -0.8564 0.5164 -0.0000
vn -0.8484 0.5294 -0.0000
vn -0.8403 0.5422 -0.0000
vn -0.8319 0.5549 -0.0000
vn -0.8234 0.5674 -0.0000
vn -0.8148 0.5797 -0.0000
vn -0.8059 0.5921 -0.0000
vn -0.7969 0.6041 -0.0000
vn -0.7877 0.6161 -0.0000
vn -0.7784 0.6278 -0.0000
vn -0.7689 0.6394 -0.0000
vn -0.7591 0.6510 -0.0000
vn -0.7493 0.6622 -0.0000
vn -0.7393 0.6734 -0.0000
vn -0.7290 0.6845 -0.0000
vn -0.7188 0.6952 -0.0000
vn -0.7083 0.7059 -0.0000
vn -0.6976 0.7165 -0.0000
vn -0.6869 0.7268 -0.0000
vn -0.6758 0.7371 -0.0000
vn -0.6649 0.7470 -0.0000
vn -0.6535 0.7570 -0.0000
vn -0.6422 0.7665 -0.0000
vn -0.6306 0.7761 -0.0000
vn -0.6190 0.7854 -0.0000
vn -0.6071 0.7946 -0.0000
vn -0.5951 0.8037 -0.0000
vn -0.5831 0.8124 -0.0000
vn -0.5708 0.8211 -0.0000
vn -0.5584 0.8296 -0.0000
vn -0.5460 0.8378 -0.0000
vn -0.5333 0.8459 -0.0000
vn -0.5205 0.8539 -0.0000
vn -0.5075 0.8616 -0.0000
vn -0.4945 0.8692 -0.0000
vn -0.4814 0.8765 -0.0000
vn -0.4681 0.8837 -0.0000
vn -0.4546 0.8907 -0.0000
vn -0.4410 0.8975 -0.0000
vn -0.4275 0.9040 -0.0000
vn -0.4136 0.9105 -0.0000
vn -0.3997 0.9166 -0.0000
vn -0.3857 0.9226 -0.0000
vn -0.3716 0.9284 -0.0000
vn -0.3572 0.9340 -0.0000
vn -0.3429 0.9394 -0.0000
vn -0.3283 0.9446 -0.0000
vn -0.3138 0.9495 -0.0000
vn -0.2989 0.9543 -0.0000
vn -0.2842 0.9588 -0.0000
vn -0.2691 0.9631 -0.0000
vn -0.2540 0.9672 -0.0000
vn -0.2388 0.9711 -0.0000
vn -0.2234 0.9747 -0.0000
vn -0.2080 0.9781 -0.0000
vn -0.1925 0.9813 -0.0000
vn -0.1767 0.9843 -0.0000
vn -0.1609 0.9870 -0.0000
vn -0.1450 0.9894 -0.0000
vn -0.1287 0.9917 -0.0000
vn -0.1125 0.9937 -0.0000
vn -0.0963 0.9954 -0.0000
vn -0.0795 0.9968 -0.0000
vn -0.0627 0.9980 -0.0000
vn -0.0455 0.9990 -0.0000
vn -0.0281 0.9996 -0.0000
vn -0.0099 1.0000 -0.0000
vn -0.0098 -1.0000 -0.0000
vn -0.0281 -0.9996 -0.0000
vn -0.0455 -0.9990 -0.0000
vn -0.0627 -0.9980 -0.0000
vn -0.0795 -0.9968 -0.0000
vn -0.0961 -0.9954 -0.0000
vn -0.1126 -0.9936 -0.0000
vn -0.1288 -0.9917 -0.0000
vn -0.1448 -0.9895 -0.0000
vn -0.1609 -0.9870 -0.0000
vn -0.1767 -0.9843 -0.0000
vn -0.1925 -0.9813 -0.0000
vn -0.2080 -0.9781 -0.0000
vn -0.2234 -0.9747 -0.0000
vn -0.2388 -0.9711 -0.0000
vn -0.2540 -0.9672 -0.0000
vn -0.2691 -0.9631 -0.0000
vn -0.2842 -0.9588 -0.0000
vn -0.2989 -0.9543 -0.0000
vn -0.3138 -0.9495 -0.0000
vn -0.3283 -0.9446 -0.0000
vn -0.3429 -0.9394 -0.0000
vn -0.3572 -0.9340 -0.0000
vn -0.3716 -0.9284 -0.0000
vn -0.3857 -0.9226 -0.0000
vn -0.3997 -0.9166 -0.0000
vn -0.4136 -0.9105 -0.0000
vn -0.4275 -0.9040 -0.0000
vn -0.4411 -0.8975 -0.0000
vn -0.4547 -0.8906 -0.0000
vn -0.4680 -0.8837 -0.0000
vn -0.4813 -0.8765 -0.0000
vn -0.4946 -0.8691 -0.0000
vn -0.5075 -0.8616 -0.0000
vn -0.5205 -0.8538 -0.0000
vn -0.5333 -0.8459 -0.0000
vn -0.5459 -0.8378 -0.0000
vn -0.5584 -0.8296 -0.0000
vn -0.5708 -0.8211 -0.0000
vn -0.5830 -0.8125 -0.0000
vn -0.5952 -0.8036 -0.0000
vn -0.6071 -0.7946 -0.0000
vn -0.6188 -0.7855 -0.0000
vn -0.6307 -0.7760 -0.0000
vn -0.6421 -0.7666 -0.0000
vn -0.6535 -0.7569 -0.0000
vn -0.6649 -0.7470 -0.0000
vn -0.6758 -0.7371 -0.0000
vn -0.6869 -0.7268 -0.0000
vn -0.6976 -0.7164 -0.0000
vn -0.7082 -0.7060 -0.0000
vn -0.7187 -0.6953 -0.0000
vn -0.7291 -0.6844 -0.0000
vn -0.7393 -0.6734 -0.0000
vn -0.7493 -0.6622 -0.0000
vn -0.7591 -0.6510 -0.0000
vn -0.7689 -0.6394 -0.0000
vn -0.7784 -0.6278 -0.0000
vn -0.7877 -0.6161 -0.0000
vn -0.7969 -0.6041 -0.0000
vn -0.8059 -0.5921 -0.0000
vn -0.8148 -0.5797 -0.0000
vn -0.8234 -0.5674 -0.0000
vn -0.8319 -0.5549 -0.0000
vn -0.8403 -0.5422 -0.0000
vn -0.8484 -0.5294 -0.0000
vn -0.8564 -0.5164 -0.0000
vn -0.8641 -0.5033 -0.0000
vn -0.8718 -0.4899 -0.0000
vn -0.8791 -0.4766 -0.0000
vn -0.8863 -0.4632 -0.0000
vn -0.8933 -0.4494 -0.0000
vn -0.9001 -0.4356 -0.0000
vn -0.9067 -0.4217 -0.0000
vn -0.9132 -0.4076 -0.0000
vn -0.9194 -0.3934 -0.0000
vn -0.9254 -0.3790 -0.0000
vn -0.9312 -0.3646 -0.0000
vn -0.9368 -0.3499 -0.0000
vn -0.9421 -0.3353 -0.0000
vn -0.9473 -0.3203 -0.0000
vn -0.9522 -0.3054 -0.0000
vn -0.9570 -0.2902 -0.0000
vn -0.9615 -0.2750 -0.0000
vn -0.9657 -0.2596 -0.0000
vn -0.9698 -0.2441 -0.0000
vn -0.9736 -0.2285 -0.0000
vn -0.9771 -0.2127 -0.0000
vn -0.9805 -0.1968 -0.0000
vn -0.9835 -0.1808 -0.0000
vn -0.9864 -0.1646 -0.0000
vn -0.9890 -0.1482 -0.0000
vn -0.9913 -0.1318 -0.0000
vn -0.9933 -0.1152 -0.0000
vn -0.9952 -0.0983 -0.0000
vn -0.9967 -0.0814 -0.0000
vn -0.9979 -0.0641 -0.0000
vn -0.9989 -0.0466 -0.0000
vn -0.9996 -0.0287 -0.0000
vn -0.9999 -0.0100 -0.0000
vn -0.0078 1.0000 -0.0000
vn -0.0229 0.9997 -0.0000
vn -0.0389 0.9992 -0.0000
vn -0.0544 0.9985 -0.0000
vn -0.0700 0.9975 -0.0000
vn -0.0849 0.9964 -0.0000
vn -0.1007 0.9949 -0.0000
vn -0.1164 0.9932 -0.0000
vn -0.1311 0.9914 -0.0000
vn -0.1470 0.9891 -0.0000
vn -0.1625 0.9867 -0.0000
vn -0.1775 0.9841 -0.0000
vn -0.1929 0.9812 -0.0000
vn -0.2084 0.9780 -0.0000
vn -0.2232 0.9748 -0.0000
vn -0.2387 0.9711 -0.0000
vn -0.2535 0.9673 -0.0000
vn -0.2683 0.9633 -0.0000
vn -0.2834 0.9590 -0.0000
vn -0.2985 0.9544 -0.0000
vn -0.3130 0.9498 -0.0000
vn -0.3281 0.9447 -0.0000
vn -0.3425 0.9395 -0.0000
vn -0.3571 0.9341 -0.0000
vn -0.3717 0.9284 -0.0000
vn -0.3861 0.9224 -0.0000
vn -0.4002 0.9164 -0.0000
vn -0.4146 0.9100 -0.0000
vn -0.4289 0.9034 -0.0000
vn -0.4428 0.8966 -0.0000
vn -0.4567 0.8896 -0.0000
vn -0.4706 0.8823 -0.0000
vn -0.4843 0.8749 -0.0000
vn -0.4977 0.8673 -0.0000
vn -0.5114 0.8594 -0.0000
vn -0.5248 0.8512 -0.0000
vn -0.5377 0.8431 -0.0000
vn -0.5513 0.8343 -0.0000
vn -0.5641 0.8257 -0.0000
vn -0.5769 0.8168 -0.0000
vn -0.5895 0.8078 -0.0000
vn -0.6023 0.7983 -0.0000
vn -0.6147 0.7888 -0.0000
vn -0.6269 0.7791 -0.0000
vn -0.6388 0.7693 -0.0000
vn -0.6509 0.7592 -0.0000
vn -0.6630 0.7486 -0.0000
vn -0.6744 0.7383 -0.0000
vn -0.6863 0.7273 -0.0000
vn -0.6972 0.7168 -0.0000
vn -0.7085 0.7057 -0.0000
vn -0.7196 0.6944 -0.0000
vn -0.7305 0.6830 -0.0000
vn -0.7409 0.6716 -0.0000
vn -0.7514 0.6598 -0.0000
vn -0.7618 0.6478 -0.0000
vn -0.7719 0.6357 -0.0000
vn -0.7818 0.6236 -0.0000
vn -0.7916 0.6111 -0.0000
vn -0.8011 0.5985 -0.0000
vn -0.8103 0.5860 -0.0000
vn -0.8195 0.5731 -0.0000
vn -0.8286 0.5599 -0.0000
vn -0.8371 0.5470 -0.0000
vn -0.8458 0.5335 -0.0000
vn -0.8540 0.5203 -0.0000
vn -0.8622 0.5066 -0.0000
vn -0.8700 0.4931 -0.0000
vn -0.8778 0.4791 -0.0000
vn -0.8852 0.4651 -0.0000
vn -0.8925 0.4511 -0.0000
vn -0.8995 0.4369 -0.0000
vn -0.9063 0.4227 -0.0000
vn -0.9128 0.4084 -0.0000
vn -0.9192 0.3938 -0.0000
vn -0.9253 0.3792 -0.0000
vn -0.9313 0.3644 -0.0000
vn -0.9368 0.3497 -0.0000
vn -0.9423 0.3348 -0.0000
vn -0.9475 0.3199 -0.0000
vn -0.9525 0.3047 -0.0000
vn -0.9572 0.2896 -0.0000
vn -0.9616 0.2744 -0.0000
vn -0.9658 0.2591 -0.0000
vn -0.9698 0.2437 -0.0000
vn -0.9736 0.2283 -0.0000
vn -0.9771 0.2129 -0.0000
vn -0.9804 0.1973 -0.0000
vn -0.9834 0.1817 -0.0000
vn -0.9861 0.1661 -0.0000
vn -0.9886 0.1504 -0.0000
vn -0.9909 0.1347 -0.0000
vn -0.9929 0.1189 -0.0000
vn -0.9947 0.1031 -0.0000
vn -0.9962 0.0873 -0.0000
vn -0.9974 0.0715 -0.0000
vn -0.9985 0.0556 -0.0000
vn -0.9992 0.0397 -0.0000
vn -0.9997 0.0239 -0.0000
vn -1.0000 0.0079 -0.0000
vn -0.0314 -0.0000 0.9995
vn -0.0941 -0.0000 0.9956
vn -0.1564 -0.0000 0.9877
vn -0.2181 -0.0000 0.9759
vn -0.2790 -0.0000 0.9603
vn -0.3387 -0.0000 0.9409
vn -0.3971 -0.0000 0.9178
vn -0.4540 -0.0000 0.8910
vn -0.5090 -0.0000 0.8607
vn -0.5621 -0.0000 0.8271
vn -0.6129 -0.0000 0.7902
vn -0.6613 -0.0000 0.7501
vn -0.7071 -0.0000 0.7071
vn -0.7501 -0.0000 0.6613
vn -0.7902 -0.0000 0.6129
vn -0.8271 -0.0000 0.5621
vn -0.8607 -0.0000 0.5090
vn -0.8910 -0.0000 0.4540
vn -0.9178 -0.0000 0.3971
vn -0.9409 -0.0000 0.3387
vn -0.9603 -0.0000 0.2790
vn -0.9759 -0.0000 0.2181
vn -0.9877 -0.0000 0.1564
vn -0.9956 -0.0000 0.0941
vn -0.9995 -0.0000 0.0314
vn -0.9995 -0.0000 -0.0314
vn -0.9956 -0.0000 -0.0941
vn -0.9877 -0.0000 -0.1564
vn -0.9759 -0.0000 -0.2181
vn -0.9603 -0.0000 -0.2790
vn -0.9409 -0.0000 -0.3387
vn -0.9178 -0.0000 -0.3971
vn -0.8910 -0.0000 -0.4540
vn -0.8607 -0.0000 -0.5090
vn -0.8271 -0.0000 -0.5621
vn -0.7902 -0.0000 -0.6129
vn -0.7501 -0.0000 -0.6613
vn -0.7071 -0.0000 -0.7071
vn -0.6613 -0.0000 -0.7501
vn -0.6129 -0.0000 -0.7902
vn -0.5621 -0.0000 -0.8271
vn -0.5090 -0.0000 -0.8607
vn -0.4540 -0.0000 -0.8910
vn -0.3971 -0.0000 -0.9178
vn -0.3387 -0.0000 -0.9409
vn -0.2790 -0.0000 -0.9603
vn -0.2181 -0.0000 -0.9759
vn -0.1564 -0.0000 -0.9877
vn -0.0941 -0.0000 -0.9956
vn -0.0314 -0.0000 -0.9995
vn 0.0314 -0.0000 -0.9995
vn 0.0941 -0.0000 -0.9956
vn 0.1564 -0.0000 -0.9877
vn 0.2181 -0.0000 -0.9759
vn 0.2790 -0.0000 -0.9603
vn 0.3387 -0.0000 -0.9409
vn 0.3971 -0.0000 -0.9178
vn 0.4540 -0.0000 -0.8910
vn 0.5090 -0.0000 -0.8607
vn 0.5621 -0.0000 -0.8271
vn 0.6129 -0.0000 -0.7902
vn 0.6613 -0.0000 -0.7501
vn 0.7071 -0.0000 -0.7071
vn 0.7501 -0.0000 -0.6613
vn 0.7902 -0.0000 -0.6129
vn 0.8271 -0.0000 -0.5621
vn 0.8607 -0.0000 -0.5090
vn 0.8910 -0.0000 -0.4540
vn 0.9178 -0.0000 -0.3971
vn 0.9409 -0.0000 -0.3387
vn 0.9603 -0.0000 -0.2790
vn 0.9759 -0.0000 -0.2181
vn 0.9877 -0.0000 -0.1564
vn 0.9956 -0.0000 -0.0941
vn 0.9995 -0.0000 -0.0314
vn 0.9995 -0.0000 0.0314
vn 0.9956 -0.0000 0.0941
vn 0.9877 -0.0000 0.1564
vn 0.9759 -0.0000 0.2181
vn 0.9603 -0.0000 0.2790
vn 0.9409 -0.0000 0.3387
vn 0.9178 -0.0000 0.3971
vn 0.8910 -0.0000 0.4540
vn 0.8607 -0.0000 0.5090
vn 0.8271 -0.0000 0.5621
vn 0.7902 -0.0000 0.6129
vn 0.7501 -0.0000 0.6613
vn 0.7071 -0.0000 0.7071
vn 0.6613 -0.0000 0.7501
vn 0.6129 -0.0000 0.7902
vn 0.5621 -0.0000 0.8271
vn 0.5090 -0.0000 0.8607
vn 0.4540 -0.0000 0.8910
vn 0.3971 -0.0000 0.9178
vn 0.3387 -0.0000 0.9409
vn 0.2790 -0.0000 0.9603
vn 0.2181 -0.0000 0.9759
vn 0.1564 -0.0000 0.9877
vn 0.0941 -0.0000 0.9956
vn 0.0314 -0.0000 0.9995
vn 0.0001 -1.0000 -0.0002
vn -0.0001 -1.0000 -0.0002
vn -0.0003 -1.0000 -0.0000
vn -0.0001 -1.0000 0.0002
vn 0.0001 -1.0000 0.0002
vn 0.0003 -1.0000 -0.0000
vn 0.0002 -1.0000 -0.0002
vn 0.0003 -1.0000 0.0001
vn -0.0002 -1.0000 0.0002
vn 0.0001 -1.0000 0.0003
vn 0.0002 -1.0000 0.0001
vn -0.0003 -1.0000 -0.0001
vn -0.0000 -1.0000 0.0003
vn -0.0001 -1.0000 -0.0003
vn -0.0002 -1.0000 -0.0001
vn -0.0000 -1.0000 -0.0003
vn 0.0002 -1.0000 -0.0001
vn -0.0002 -1.0000 0.0001
vn 0.0002 -1.0000 0.0002
vn -0.0002 -1.0000 -0.0002
vn 0.0001 -1.0000 -0.0003
vn 0.0003 -1.0000 -0.0001
vn -0.0001 -1.0000 0.0003
vn -0.0003 -1.0000 0.0001
vn -0.0000 -0.0000 -1.0000
vn -0.0000 -0.0053 -1.0000
vn -0.0000 -0.0159 -0.9999
vn -0.0000 -0.0265 -0.9996
vn -0.0000 -0.0370 -0.9993
vn -0.0000 -0.0476 -0.9989
vn -0.0000 -0.0583 -0.9983
vn -0.0000 -0.0688 -0.9976
vn -0.0000 -0.0795 -0.9968
vn -0.0000 -0.0901 -0.9959
vn -0.0000 -0.1007 -0.9949
vn -0.0000 -0.1114 -0.9938
vn -0.0000 -0.1221 -0.9925
vn -0.0000 -0.1328 -0.9911
vn -0.0000 -0.1435 -0.9896
vn -0.0000 -0.1542 -0.9880
vn -0.0000 -0.1650 -0.9863
vn -0.0000 -0.1758 -0.9844
vn -0.0000 -0.1866 -0.9824
vn -0.0000 -0.1974 -0.9803
vn -0.0000 -0.2083 -0.9781
vn -0.0000 -0.2193 -0.9757
vn -0.0000 -0.2301 -0.9732
vn -0.0000 -0.2411 -0.9705
vn -0.0000 -0.2521 -0.9677
vn -0.0000 -0.2632 -0.9647
vn -0.0000 -0.2743 -0.9617
vn -0.0000 -0.2854 -0.9584
vn -0.0000 -0.2965 -0.9550
vn -0.0000 -0.3077 -0.9515
vn -0.0000 -0.3189 -0.9478
vn -0.0000 -0.3302 -0.9439
vn -0.0000 -0.3416 -0.9399
vn -0.0000 -0.3529 -0.9357
vn -0.0000 -0.3643 -0.9313
vn -0.0000 -0.3757 -0.9267
vn -0.0000 -0.3872 -0.9220
vn -0.0000 -0.3988 -0.9170
vn -0.0000 -0.4104 -0.9119
vn -0.0000 -0.4219 -0.9066
vn -0.0000 -0.4337 -0.9011
vn -0.0000 -0.4454 -0.8953
vn -0.0000 -0.4571 -0.8894
vn -0.0000 -0.4689 -0.8832
vn -0.0000 -0.4808 -0.8768
vn -0.0000 -0.4927 -0.8702
vn -0.0000 -0.5046 -0.8634
vn -0.0000 -0.5165 -0.8563
vn -0.0000 -0.5285 -0.8489
vn -0.0000 -0.5405 -0.8413
vn -0.0000 -0.5526 -0.8335
vn -0.0000 -0.5647 -0.8253
vn -0.0000 -0.5768 -0.8169
vn -0.0000 -0.5888 -0.8082
vn -0.0000 -0.6010 -0.7993
vn -0.0000 -0.6131 -0.7900
vn -0.0000 -0.6252 -0.7804
vn -0.0000 -0.6375 -0.7705
vn -0.0000 -0.6495 -0.7603
vn -0.0000 -0.6616 -0.7498
vn -0.0000 -0.6738 -0.7389
vn -0.0000 -0.6858 -0.7277
vn -0.0000 -0.6979 -0.7162
vn -0.0000 -0.7099 -0.7043
vn -0.0000 -0.7219 -0.6920
vn -0.0000 -0.7337 -0.6795
vn -0.0000 -0.7455 -0.6665
vn -0.0000 -0.7572 -0.6531
vn -0.0000 -0.7689 -0.6393
vn -0.0000 -0.7804 -0.6252
vn -0.0000 -0.7918 -0.6108
vn -0.0000 -0.8031 -0.5958
vn -0.0000 -0.8142 -0.5806
vn -0.0000 -0.8252 -0.5649
vn -0.0000 -0.8360 -0.5487
vn -0.0000 -0.8466 -0.5323
vn -0.0000 -0.8570 -0.5154
vn -0.0000 -0.8671 -0.4981
vn -0.0000 -0.8771 -0.4804
vn -0.0000 -0.8867 -0.4624
vn -0.0000 -0.8961 -0.4439
vn -0.0000 -0.9052 -0.4251
vn -0.0000 -0.9139 -0.4058
vn -0.0000 -0.9224 -0.3863
vn -0.0000 -0.9305 -0.3663
vn -0.0000 -0.9382 -0.3461
vn -0.0000 -0.9456 -0.3254
vn -0.0000 -0.9525 -0.3045
vn -0.0000 -0.9591 -0.2832
vn -0.0000 -0.9651 -0.2617
vn -0.0000 -0.9708 -0.2399
vn -0.0000 -0.9760 -0.2179
vn -0.0000 -0.9807 -0.1956
vn -0.0000 -0.9849 -0.1731
vn -0.0000 -0.9886 -0.1504
vn -0.0000 -0.9918 -0.1275
vn -0.0000 -0.9945 -0.1045
vn -0.0000 -0.9967 -0.0814
vn -0.0000 -0.9983 -0.0583
vn -0.0000 -0.9994 -0.0349
vn -0.0000 -0.9999 -0.0116
vn 1.0000 -0.0092 -0.0000
vn 0.9996 -0.0276 -0.0000
vn 0.9989 -0.0461 -0.0000
vn 0.9979 -0.0645 -0.0000
vn 0.9966 -0.0828 -0.0000
vn 0.9949 -0.1012 -0.0000
vn 0.9928 -0.1194 -0.0000
vn 0.9905 -0.1376 -0.0000
vn 0.9878 -0.1557 -0.0000
vn 0.9848 -0.1738 -0.0000
vn 0.9814 -0.1918 -0.0000
vn 0.9778 -0.2096 -0.0000
vn 0.9738 -0.2274 -0.0000
vn 0.9695 -0.2450 -0.0000
vn 0.9649 -0.2625 -0.0000
vn 0.9600 -0.2799 -0.0000
vn 0.9548 -0.2972 -0.0000
vn 0.9493 -0.3143 -0.0000
vn 0.9436 -0.3312 -0.0000
vn 0.9375 -0.3480 -0.0000
vn 0.9311 -0.3647 -0.0000
vn 0.9245 -0.3811 -0.0000
vn 0.9177 -0.3974 -0.0000
vn 0.9105 -0.4135 -0.0000
vn 0.9031 -0.4294 -0.0000
vn 0.8955 -0.4451 -0.0000
vn 0.8876 -0.4607 -0.0000
vn 0.8795 -0.4759 -0.0000
vn 0.8711 -0.4911 -0.0000
vn 0.8626 -0.5059 -0.0000
vn 0.8538 -0.5206 -0.0000
vn 0.8448 -0.5351 -0.0000
vn 0.8356 -0.5493 -0.0000
vn 0.8262 -0.5634 -0.0000
vn 0.8167 -0.5771 -0.0000
vn 0.8069 -0.5907 -0.0000
vn 0.7970 -0.6040 -0.0000
vn 0.7868 -0.6172 -0.0000
vn 0.7766 -0.6300 -0.0000
vn 0.7661 -0.6427 -0.0000
vn 0.7556 -0.6551 -0.0000
vn 0.7448 -0.6673 -0.0000
vn 0.7340 -0.6792 -0.0000
vn 0.7230 -0.6909 -0.0000
vn 0.7118 -0.7024 -0.0000
vn 0.7005 -0.7136 -0.0000
vn 0.6892 -0.7246 -0.0000
vn 0.6777 -0.7353 -0.0000
vn 0.6661 -0.7459 -0.0000
vn 0.6544 -0.7562 -0.0000
vn 0.6426 -0.7662 -0.0000
vn 0.6187 -0.7857 -0.0000
vn 0.6066 -0.7950 -0.0000
vn 0.5944 -0.8041 -0.0000
vn 0.5822 -0.8130 -0.0000
vn 0.5699 -0.8217 -0.0000
vn 0.5575 -0.8302 -0.0000
vn 0.5451 -0.8384 -0.0000
vn 0.5325 -0.8464 -0.0000
vn 0.5200 -0.8542 -0.0000
vn 0.5074 -0.8617 -0.0000
vn 0.4947 -0.8690 -0.0000
vn 0.4820 -0.8762 -0.0000
vn 0.4692 -0.8831 -0.0000
vn 0.4563 -0.8898 -0.0000
vn 0.4435 -0.8963 -0.0000
vn 0.4306 -0.9025 -0.0000
vn 0.4176 -0.9086 -0.0000
vn 0.4046 -0.9145 -0.0000
vn 0.3917 -0.9201 -0.0000
vn 0.3786 -0.9256 -0.0000
vn 0.3656 -0.9308 -0.0000
vn 0.3524 -0.9358 -0.0000
vn 0.3393 -0.9407 -0.0000
vn 0.3262 -0.9453 -0.0000
vn 0.3130 -0.9497 -0.0000
vn 0.2998 -0.9540 -0.0000
vn 0.2867 -0.9580 -0.0000
vn 0.2734 -0.9619 -0.0000
vn 0.2601 -0.9656 -0.0000
vn 0.2469 -0.9690 -0.0000
vn 0.2336 -0.9723 -0.0000
vn 0.2203 -0.9754 -0.0000
vn 0.2070 -0.9783 -0.0000
vn 0.1937 -0.9811 -0.0000
vn 0.1805 -0.9836 -0.0000
vn 0.1671 -0.9859 -0.0000
vn 0.1537 -0.9881 -0.0000
vn 0.1404 -0.9901 -0.0000
vn 0.1271 -0.9919 -0.0000
vn 0.1137 -0.9935 -0.0000
vn 0.1003 -0.9950 -0.0000
vn 0.0870 -0.9962 -0.0000
vn 0.0736 -0.9973 -0.0000
vn 0.0601 -0.9982 -0.0000
vn 0.0468 -0.9989 -0.0000
vn 0.0335 -0.9994 -0.0000
vn 0.0201 -0.9998 -0.0000
vn 0.0067 -1.0000 -0.0000
vn -0.0000 -0.0053 1.0000
vn -0.0000 -0.0159 0.9999
vn -0.0000 -0.0264 0.9997
vn -0.0000 -0.0370 0.9993
vn -0.0000 -0.0476 0.9989
vn -0.0000 -0.0582 0.9983
vn -0.0000 -0.0688 0.9976
vn -0.0000 -0.0795 0.9968
vn -0.0000 -0.0901 0.9959
vn -0.0000 -0.1008 0.9949
vn -0.0000 -0.1114 0.9938
vn -0.0000 -0.1221 0.9925
vn -0.0000 -0.1328 0.9911
vn -0.0000 -0.1435 0.9897
vn -0.0000 -0.1542 0.9880
vn -0.0000 -0.1650 0.9863
vn -0.0000 -0.1758 0.9844
vn -0.0000 -0.1866 0.9824
vn -0.0000 -0.1974 0.9803
vn -0.0000 -0.2083 0.9781
vn -0.0000 -0.2192 0.9757
vn -0.0000 -0.2301 0.9732
vn -0.0000 -0.2411 0.9705
vn -0.0000 -0.2521 0.9677
vn -0.0000 -0.2632 0.9647
vn -0.0000 -0.2743 0.9617
vn -0.0000 -0.2853 0.9584
vn -0.0000 -0.2965 0.9550
vn -0.0000 -0.3077 0.9515
vn -0.0000 -0.3190 0.9478
vn -0.0000 -0.3302 0.9439
vn -0.0000 -0.3415 0.9399
vn -0.0000 -0.3529 0.9357
vn -0.0000 -0.3643 0.9313
vn -0.0000 -0.3757 0.9267
vn -0.0000 -0.3873 0.9220
vn -0.0000 -0.3988 0.9171
vn -0.0000 -0.4104 0.9119
vn -0.0000 -0.4219 0.9066
vn -0.0000 -0.4337 0.9011
vn -0.0000 -0.4454 0.8953
vn -0.0000 -0.4571 0.8894
vn -0.0000 -0.4689 0.8832
vn -0.0000 -0.4808 0.8768
vn -0.0000 -0.4927 0.8702
vn -0.0000 -0.5046 0.8634
vn -0.0000 -0.5165 0.8563
vn -0.0000 -0.5285 0.8489
vn -0.0000 -0.5405 0.8414
vn -0.0000 -0.5526 0.8335
vn -0.0000 -0.5646 0.8253
vn -0.0000 -0.5768 0.8169
vn -0.0000 -0.5889 0.8082
vn -0.0000 -0.6010 0.7993
vn -0.0000 -0.6131 0.7900
vn -0.0000 -0.6253 0.7804
vn -0.0000 -0.6374 0.7705
vn -0.0000 -0.6495 0.7603
vn -0.0000 -0.6616 0.7498
vn -0.0000 -0.6738 0.7390
vn -0.0000 -0.6859 0.7277
vn -0.0000 -0.6979 0.7162
vn -0.0000 -0.7099 0.7043
vn -0.0000 -0.7218 0.6921
vn -0.0000 -0.7337 0.6795
vn -0.0000 -0.7455 0.6665
vn -0.0000 -0.7573 0.6531
vn -0.0000 -0.7689 0.6394
vn -0.0000 -0.7804 0.6252
vn -0.0000 -0.7918 0.6108
vn -0.0000 -0.8031 0.5958
vn -0.0000 -0.8142 0.5805
vn -0.0000 -0.8252 0.5649
vn -0.0000 -0.8360 0.5488
vn -0.0000 -0.8466 0.5323
vn -0.0000 -0.8570 0.5154
vn -0.0000 -0.8671 0.4981
vn -0.0000 -0.8770 0.4804
vn -0.0000 -0.8867 0.4624
vn -0.0000 -0.8961 0.4439
vn -0.0000 -0.9052 0.4251
vn -0.0000 -0.9139 0.4059
vn -0.0000 -0.9224 0.3862
vn -0.0000 -0.9305 0.3664
vn -0.0000 -0.9382 0.3461
vn -0.0000 -0.9456 0.3254
vn -0.0000 -0.9525 0.3045
vn -0.0000 -0.9590 0.2832
vn -0.0000 -0.9651 0.2617
vn -0.0000 -0.9708 0.2399
vn -0.0000 -0.9760 0.2179
vn -0.0000 -0.9807 0.1956
vn -0.0000 -0.9849 0.1731
vn -0.0000 -0.9886 0.1504
vn -0.0000 -0.9918 0.1275
vn -0.0000 -0.9945 0.1045
vn -0.0000 -0.9967 0.0814
vn -0.0000 -0.9983 0.0583
vn -0.0000 -0.9994 0.0349
vn -0.0000 -0.9999 0.0116
vn -1.0000 -0.0092 -0.0000
vn -0.9996 -0.0277 -0.0000
vn -0.9989 -0.0461 -0.0000
vn -0.9979 -0.0645 -0.0000
vn -0.9966 -0.0828 -0.0000
vn -0.9949 -0.1012 -0.0000
vn -0.9928 -0.1194 -0.0000
vn -0.9905 -0.1376 -0.0000
vn -0.9878 -0.1557 -0.0000
vn -0.9848 -0.1738 -0.0000
vn -0.9814 -0.1918 -0.0000
vn -0.9778 -0.2096 -0.0000
vn -0.9738 -0.2273 -0.0000
vn -0.9695 -0.2450 -0.0000
vn -0.9649 -0.2625 -0.0000
vn -0.9600 -0.2799 -0.0000
vn -0.9548 -0.2971 -0.0000
vn -0.9493 -0.3143 -0.0000
vn -0.9436 -0.3312 -0.0000
vn -0.9375 -0.3481 -0.0000
vn -0.9311 -0.3646 -0.0000
vn -0.9245 -0.3811 -0.0000
vn -0.9177 -0.3973 -0.0000
vn -0.9105 -0.4135 -0.0000
vn -0.9031 -0.4294 -0.0000
vn -0.8955 -0.4451 -0.0000
vn -0.8876 -0.4606 -0.0000
vn -0.8795 -0.4759 -0.0000
vn -0.8711 -0.4911 -0.0000
vn -0.8626 -0.5059 -0.0000
vn -0.8538 -0.5206 -0.0000
vn -0.8448 -0.5351 -0.0000
vn -0.8356 -0.5493 -0.0000
vn -0.8262 -0.5633 -0.0000
vn -0.8167 -0.5771 -0.0000
vn -0.8069 -0.5907 -0.0000
vn -0.7970 -0.6040 -0.0000
vn -0.7868 -0.6172 -0.0000
vn -0.7766 -0.6300 -0.0000
vn -0.7661 -0.6427 -0.0000
vn -0.7555 -0.6551 -0.0000
vn -0.7448 -0.6672 -0.0000
vn -0.7339 -0.6792 -0.0000
vn -0.7230 -0.6909 -0.0000
vn -0.7118 -0.7024 -0.0000
vn -0.7006 -0.7136 -0.0000
vn -0.6892 -0.7246 -0.0000
vn -0.6777 -0.7353 -0.0000
vn -0.6661 -0.7458 -0.0000
vn -0.6543 -0.7562 -0.0000
vn -0.6426 -0.7662 -0.0000
vn -0.6187 -0.7856 -0.0000
vn -0.6066 -0.7950 -0.0000
vn -0.5944 -0.8041 -0.0000
vn -0.5822 -0.8130 -0.0000
vn -0.5699 -0.8217 -0.0000
vn -0.5575 -0.8302 -0.0000
vn -0.5451 -0.8384 -0.0000
vn -0.5325 -0.8464 -0.0000
vn -0.5200 -0.8542 -0.0000
vn -0.5074 -0.8617 -0.0000
vn -0.4947 -0.8690 -0.0000
vn -0.4819 -0.8762 -0.0000
vn -0.4692 -0.8831 -0.0000
vn -0.4564 -0.8898 -0.0000
vn -0.4435 -0.8963 -0.0000
vn -0.4306 -0.9025 -0.0000
vn -0.4177 -0.9086 -0.0000
vn -0.4046 -0.9145 -0.0000
vn -0.3917 -0.9201 -0.0000
vn -0.3786 -0.9256 -0.0000
vn -0.3656 -0.9308 -0.0000
vn -0.3524 -0.9358 -0.0000
vn -0.3394 -0.9407 -0.0000
vn -0.3262 -0.9453 -0.0000
vn -0.3130 -0.9498 -0.0000
vn -0.2998 -0.9540 -0.0000
vn -0.2867 -0.9580 -0.0000
vn -0.2733 -0.9619 -0.0000
vn -0.2601 -0.9656 -0.0000
vn -0.2469 -0.9690 -0.0000
vn -0.2336 -0.9723 -0.0000
vn -0.2204 -0.9754 -0.0000
vn -0.2070 -0.9783 -0.0000
vn -0.1937 -0.9811 -0.0000
vn -0.1805 -0.9836 -0.0000
vn -0.1670 -0.9860 -0.0000
vn -0.1537 -0.9881 -0.0000
vn -0.1404 -0.9901 -0.0000
vn -0.1271 -0.9919 -0.0000
vn -0.1137 -0.9935 -0.0000
vn -0.1003 -0.9950 -0.0000
vn -0.0870 -0.9962 -0.0000
vn -0.0736 -0.9973 -0.0000
vn -0.0602 -0.9982 -0.0000
vn -0.0468 -0.9989 -0.0000
vn -0.0335 -0.9994 -0.0000
vn -0.0201 -0.9998 -0.0000
vn -0.0066 -1.0000 -0.0000
vn -0.9418 -0.3362 -0.0000
vn 0.2199 -0.9755 -0.0000
vn 0.4000 0.9165 -0.0000
vn -0.9609 -0.2768 -0.0000
vn -0.5654 0.8248 -0.0000
vn 0.9418 0.3362 -0.0000
vn 0.9763 0.2164 -0.0000
vn 0.9995 -0.0311 -0.0000
vn -0.8293 -0.5588 -0.0000
vn 0.9995 0.0311 -0.0000
vn -0.9418 0.3362 -0.0000
vn 0.7927 -0.6096 -0.0000
vn 0.9763 -0.2164 -0.0000
vn 0.3413 -0.9399 -0.0000
vn -0.0317 0.9995 -0.0000
vn 0.9956 0.0933 -0.0000
vn -0.8293 0.5588 -0.0000
vn 0.5654 0.8248 -0.0000
vn -0.0949 0.9955 -0.0000
vn -0.6162 0.7876 -0.0000
vn -0.8926 -0.4509 -0.0000
vn -0.2199 0.9755 -0.0000
vn -0.9956 0.0933 -0.0000
vn 0.9956 -0.0933 -0.0000
vn -0.7101 -0.7041 -0.0000
vn 0.9879 -0.1551 -0.0000
vn -0.2812 -0.9596 -0.0000
vn -0.7927 0.6096 -0.0000
vn 0.7927 0.6096 -0.0000
vn 0.0317 0.9995 -0.0000
vn 0.2812 -0.9596 -0.0000
vn -0.5123 -0.8588 -0.0000
vn 0.6645 0.7473 -0.0000
vn 0.1578 -0.9875 -0.0000
vn 0.8926 -0.4509 -0.0000
vn -0.4571 -0.8894 -0.0000
vn -0.4000 -0.9165 -0.0000
vn 0.0949 -0.9955 -0.0000
vn -0.1578 0.9875 -0.0000
vn 0.8293 0.5588 -0.0000
vn -0.5123 0.8588 -0.0000
vn 0.3413 0.9399 -0.0000
vn 0.7529 0.6581 -0.0000
vn -0.0949 -0.9955 -0.0000
vn -0.4571 0.8894 -0.0000
vn 0.4000 -0.9165 -0.0000
vn -0.9956 -0.0933 -0.0000
vn -0.1578 -0.9875 -0.0000
vn 0.8293 -0.5588 -0.0000
vn -0.9190 -0.3943 -0.0000
vn 0.2812 0.9596 -0.0000
vn 0.8627 0.5058 -0.0000
vn -0.2812 0.9596 -0.0000
vn -0.3413 0.9399 -0.0000
vn 0.9879 0.1551 -0.0000
vn -0.7529 -0.6581 -0.0000
vn -0.9879 0.1551 -0.0000
vn -0.9995 -0.0311 -0.0000
vn 0.9418 -0.3362 -0.0000
vn -0.5654 -0.8248 -0.0000
vn 0.8627 -0.5058 -0.0000
vn -0.2199 -0.9755 -0.0000
vn -0.4000 0.9165 -0.0000
vn -0.9879 -0.1551 -0.0000
vn -0.9609 0.2768 -0.0000
vn -0.6645 -0.7473 -0.0000
vn 0.6645 -0.7473 -0.0000
vn 0.4571 -0.8894 -0.0000
vn 0.0949 0.9955 -0.0000
vn 0.9190 -0.3943 -0.0000
vn 0.7529 -0.6581 -0.0000
vn 0.9190 0.3943 -0.0000
vn -0.6162 -0.7876 -0.0000
vn -0.9763 0.2164 -0.0000
vn 0.9609 0.2768 -0.0000
vn 0.1578 0.9875 -0.0000
vn 0.5654 -0.8248 -0.0000
vn 0.5123 0.8588 -0.0000
vn -0.9763 -0.2164 -0.0000
vn 0.4571 0.8894 -0.0000
vn 0.6162 0.7876 -0.0000
vn -0.8926 0.4509 -0.0000
vn 0.6162 -0.7876 -0.0000
vn 0.2199 0.9755 -0.0000
vn -0.7101 0.7041 -0.0000
vn 0.7101 0.7041 -0.0000
vn 0.8926 0.4509 -0.0000
vn 0.0317 -0.9995 -0.0000
vn 0.7101 -0.7041 -0.0000
vn -0.0317 -0.9995 -0.0000
vn 0.9609 -0.2768 -0.0000
vn -0.3413 -0.9399 -0.0000
vn -0.6645 0.7473 -0.0000
vn 0.5123 -0.8588 -0.0000
vn -0.9190 0.3943 -0.0000
vn -0.8627 0.5058 -0.0000
vn -0.9995 0.0311 -0.0000
vn -0.8627 -0.5058 -0.0000
vn -0.7529 0.6581 -0.0000
vn -0.7927 -0.6096 -0.0000
vt 0.654989 0.500000
vt 0.654989 0.750000
vt 0.625000 0.750000
vt 0.625000 0.500000
vt 0.625000 0.779989
vt 0.625000 0.779520
vt 0.625000 0.779051
vt 0.625000 0.778583
vt 0.625000 0.778116
vt 0.625000 0.777648
vt 0.625000 0.777182
vt 0.625000 0.776716
vt 0.625000 0.776251
vt 0.625000 0.775788
vt 0.625000 0.775325
vt 0.625000 0.774864
vt 0.625000 0.774405
vt 0.625000 0.773946
vt 0.625000 0.773490
vt 0.625000 0.773035
vt 0.625000 0.772582
vt 0.625000 0.772131
vt 0.625000 0.771682
vt 0.625000 0.771235
vt 0.625000 0.770791
vt 0.625000 0.770349
vt 0.625000 0.769909
vt 0.625000 0.769472
vt 0.625000 0.769037
vt 0.625000 0.768606
vt 0.625000 0.768177
vt 0.625000 0.767751
vt 0.625000 0.767328
vt 0.625000 0.766908
vt 0.625000 0.766492
vt 0.625000 0.766079
vt 0.625000 0.765669
vt 0.625000 0.765263
vt 0.625000 0.764860
vt 0.625000 0.764461
vt 0.625000 0.764066
vt 0.625000 0.763675
vt 0.625000 0.763288
vt 0.625000 0.762904
vt 0.625000 0.762525
vt 0.625000 0.762150
vt 0.625000 0.761779
vt 0.625000 0.761413
vt 0.625000 0.761051
vt 0.625000 0.760693
vt 0.625000 0.760340
vt 0.625000 0.759992
vt 0.625000 0.759648
vt 0.625000 0.759309
vt 0.625000 0.758975
vt 0.625000 0.758646
vt 0.625000 0.758323
vt 0.625000 0.758004
vt 0.625000 0.757690
vt 0.625000 0.757382
vt 0.625000 0.757079
vt 0.625000 0.756781
vt 0.625000 0.756489
vt 0.625000 0.756202
vt 0.625000 0.755921
vt 0.625000 0.755646
vt 0.625000 0.755376
vt 0.625000 0.755112
vt 0.625000 0.754855
vt 0.625000 0.754602
vt 0.625000 0.754356
vt 0.625000 0.754116
vt 0.625000 0.753883
vt 0.625000 0.753655
vt 0.625000 0.753434
vt 0.625000 0.753218
vt 0.625000 0.753010
vt 0.625000 0.752807
vt 0.625000 0.752612
vt 0.625000 0.752423
vt 0.625000 0.752240
vt 0.625000 0.752064
vt 0.625000 0.751895
vt 0.625000 0.751733
vt 0.625000 0.751577
vt 0.625000 0.751429
vt 0.625000 0.751287
vt 0.625000 0.751152
vt 0.625000 0.751025
vt 0.625000 0.750905
vt 0.625000 0.750791
vt 0.625000 0.750685
vt 0.625000 0.750587
vt 0.625000 0.750496
vt 0.625000 0.750412
vt 0.625000 0.750336
vt 0.625000 0.750267
vt 0.625000 0.750206
vt 0.625000 0.750152
vt 0.625000 0.750107
vt 0.625000 0.750069
vt 0.625000 0.750040
vt 0.625000 0.750018
vt 0.625000 0.750005
vt 0.624999 0.765585
vt 0.625000 0.765344
vt 0.625000 0.765252
vt 0.625000 0.765299
vt 0.625000 0.765483
vt 0.625000 0.765795
vt 0.625000 0.766229
vt 0.625000 0.766780
vt 0.625000 0.767434
vt 0.625000 0.768178
vt 0.625000 0.768993
vt 0.625000 0.769855
vt 0.625000 0.770739
vt 0.625000 0.771615
vt 0.625000 0.772459
vt 0.625000 0.773248
vt 0.625000 0.773963
vt 0.625000 0.774597
vt 0.625001 0.775144
vt 0.625000 0.775604
vt 0.625000 0.775980
vt 0.625000 0.776279
vt 0.625000 0.776506
vt 0.625000 0.776663
vt 0.625000 0.776756
vt 0.625000 0.776788
vt 0.625000 0.776757
vt 0.625000 0.776665
vt 0.625000 0.776510
vt 0.625000 0.776285
vt 0.625000 0.775989
vt 0.625000 0.775614
vt 0.625000 0.775157
vt 0.625000 0.774612
vt 0.625000 0.773982
vt 0.625000 0.773270
vt 0.625000 0.772485
vt 0.625000 0.771646
vt 0.625000 0.770772
vt 0.625001 0.769893
vt 0.625000 0.769033
vt 0.625000 0.768221
vt 0.625000 0.767480
vt 0.625000 0.766828
vt 0.625000 0.766280
vt 0.625000 0.765846
vt 0.625000 0.765536
vt 0.625001 0.765356
vt 0.625000 0.765308
vt 0.625000 0.765404
vt 0.625000 0.765646
vt 0.625000 0.456165
vt 0.625000 0.455586
vt 0.625000 0.375000
vt 0.625000 0.499998
vt 0.625000 0.750002
vt 0.625000 0.499994
vt 0.625000 0.750006
vt 0.625000 0.499987
vt 0.625000 0.750013
vt 0.625000 0.499977
vt 0.625000 0.750023
vt 0.625000 0.499964
vt 0.625000 0.750036
vt 0.625000 0.499949
vt 0.625000 0.750051
vt 0.625000 0.499931
vt 0.625000 0.750069
vt 0.625000 0.499911
vt 0.625000 0.750089
vt 0.625000 0.499888
vt 0.625000 0.750112
vt 0.625000 0.499863
vt 0.625000 0.750137
vt 0.625000 0.499835
vt 0.625000 0.750165
vt 0.625000 0.499804
vt 0.625000 0.750196
vt 0.625000 0.499772
vt 0.625000 0.750229
vt 0.625000 0.499736
vt 0.625000 0.750264
vt 0.625000 0.499698
vt 0.625000 0.750302
vt 0.625000 0.499658
vt 0.625000 0.750342
vt 0.625000 0.499616
vt 0.625000 0.750384
vt 0.625000 0.499571
vt 0.625000 0.750429
vt 0.625000 0.499524
vt 0.625000 0.750476
vt 0.625000 0.499474
vt 0.625000 0.750526
vt 0.625000 0.499422
vt 0.625000 0.750578
vt 0.625000 0.499368
vt 0.625000 0.750632
vt 0.625000 0.499312
vt 0.625000 0.750688
vt 0.625000 0.499253
vt 0.625000 0.750747
vt 0.625000 0.499192
vt 0.625000 0.750808
vt 0.625000 0.499129
vt 0.625000 0.750871
vt 0.625000 0.499064
vt 0.625000 0.750936
vt 0.625000 0.498997
vt 0.625000 0.751003
vt 0.625000 0.498927
vt 0.625000 0.751073
vt 0.625000 0.498856
vt 0.625000 0.751145
vt 0.625000 0.498782
vt 0.625000 0.751218
vt 0.625000 0.498706
vt 0.625000 0.751294
vt 0.625000 0.498628
vt 0.625000 0.751372
vt 0.625000 0.498548
vt 0.625000 0.751452
vt 0.625000 0.498466
vt 0.625000 0.751534
vt 0.625000 0.498382
vt 0.625000 0.751618
vt 0.625000 0.498296
vt 0.625000 0.751704
vt 0.625000 0.498208
vt 0.625000 0.751792
vt 0.625000 0.498118
vt 0.625000 0.751882
vt 0.625000 0.498026
vt 0.625000 0.751974
vt 0.625000 0.497933
vt 0.625000 0.752067
vt 0.625000 0.497837
vt 0.625000 0.752163
vt 0.625000 0.497740
vt 0.625000 0.752260
vt 0.625000 0.497640
vt 0.625000 0.752360
vt 0.625000 0.497539
vt 0.625000 0.752461
vt 0.625000 0.497437
vt 0.625000 0.752563
vt 0.625000 0.497332
vt 0.625000 0.752668
vt 0.625000 0.497226
vt 0.625000 0.752774
vt 0.625000 0.497118
vt 0.625000 0.752882
vt 0.625000 0.497008
vt 0.625000 0.752992
vt 0.625000 0.490691
vt 0.625000 0.490352
vt 0.625000 0.490008
vt 0.625000 0.759992
vt 0.625000 0.489660
vt 0.625000 0.760340
vt 0.625000 0.489307
vt 0.625000 0.488950
vt 0.625000 0.761051
vt 0.625000 0.488587
vt 0.625000 0.761413
vt 0.625000 0.488221
vt 0.625000 0.487850
vt 0.625000 0.487475
vt 0.625000 0.487096
vt 0.625000 0.762904
vt 0.625000 0.486712
vt 0.625000 0.763288
vt 0.625000 0.486325
vt 0.625000 0.763675
vt 0.625000 0.485934
vt 0.625000 0.764066
vt 0.625000 0.485539
vt 0.625000 0.485140
vt 0.625000 0.764860
vt 0.625000 0.484737
vt 0.625000 0.765263
vt 0.625000 0.484331
vt 0.625000 0.483921
vt 0.625000 0.766079
vt 0.625000 0.483508
vt 0.625000 0.766492
vt 0.625000 0.483092
vt 0.625000 0.766908
vt 0.625000 0.482672
vt 0.625000 0.767328
vt 0.625000 0.482249
vt 0.625000 0.767751
vt 0.625000 0.481823
vt 0.625000 0.768177
vt 0.625000 0.481394
vt 0.625000 0.480963
vt 0.625000 0.769037
vt 0.625000 0.480528
vt 0.625000 0.769472
vt 0.625000 0.480091
vt 0.625000 0.769909
vt 0.625000 0.479652
vt 0.625000 0.770349
vt 0.625000 0.479209
vt 0.625000 0.770791
vt 0.625000 0.478765
vt 0.625000 0.771235
vt 0.625000 0.478318
vt 0.625000 0.771682
vt 0.625000 0.477869
vt 0.625000 0.477418
vt 0.625000 0.772582
vt 0.625000 0.476965
vt 0.625000 0.476510
vt 0.625000 0.773490
vt 0.625000 0.476054
vt 0.625000 0.475595
vt 0.625000 0.475136
vt 0.625000 0.774864
vt 0.625000 0.474675
vt 0.625000 0.775325
vt 0.625000 0.474212
vt 0.625000 0.775788
vt 0.625000 0.473749
vt 0.625000 0.473284
vt 0.625000 0.472818
vt 0.625000 0.472352
vt 0.625000 0.471884
vt 0.625000 0.471417
vt 0.625000 0.778583
vt 0.625000 0.470949
vt 0.625000 0.470480
vt 0.625000 0.470011
vt 0.654520 0.500000
vt 0.654520 0.750000
vt 0.654051 0.500000
vt 0.654051 0.750000
vt 0.653583 0.500000
vt 0.653583 0.750000
vt 0.653116 0.500000
vt 0.653116 0.750000
vt 0.652648 0.500000
vt 0.652648 0.750000
vt 0.652182 0.500000
vt 0.652182 0.750000
vt 0.651716 0.500000
vt 0.651716 0.750000
vt 0.651251 0.500000
vt 0.651252 0.750000
vt 0.650788 0.500000
vt 0.650788 0.750000
vt 0.650325 0.500000
vt 0.650325 0.750000
vt 0.649864 0.500000
vt 0.649864 0.750000
vt 0.649405 0.500000
vt 0.649405 0.750000
vt 0.648946 0.500000
vt 0.648946 0.750000
vt 0.648490 0.500000
vt 0.648490 0.750000
vt 0.648035 0.500000
vt 0.648035 0.750000
vt 0.647582 0.500000
vt 0.647582 0.750000
vt 0.647131 0.500000
vt 0.647131 0.750000
vt 0.646682 0.500000
vt 0.646682 0.750000
vt 0.646235 0.500000
vt 0.646235 0.750000
vt 0.645791 0.500000
vt 0.645791 0.750000
vt 0.645348 0.500000
vt 0.645348 0.750000
vt 0.644909 0.500000
vt 0.644909 0.750000
vt 0.644472 0.500000
vt 0.644472 0.750000
vt 0.644037 0.500000
vt 0.644037 0.750000
vt 0.643606 0.500000
vt 0.643606 0.750000
vt 0.643177 0.500000
vt 0.643177 0.750000
vt 0.642751 0.500000
vt 0.642751 0.750000
vt 0.642328 0.500000
vt 0.642328 0.750000
vt 0.641908 0.500000
vt 0.641908 0.750000
vt 0.641492 0.500000
vt 0.641492 0.750000
vt 0.641079 0.500000
vt 0.641079 0.750000
vt 0.640669 0.500000
vt 0.640669 0.750000
vt 0.640263 0.500000
vt 0.640263 0.750000
vt 0.639860 0.500000
vt 0.639860 0.750000
vt 0.639461 0.500000
vt 0.639461 0.750000
vt 0.639066 0.500000
vt 0.639066 0.750000
vt 0.638675 0.500000
vt 0.638675 0.750000
vt 0.638288 0.500000
vt 0.638288 0.750000
vt 0.637904 0.500000
vt 0.637904 0.750000
vt 0.637525 0.500000
vt 0.637525 0.750000
vt 0.637150 0.500000
vt 0.637150 0.750000
vt 0.636779 0.500000
vt 0.636779 0.750000
vt 0.636413 0.500000
vt 0.636413 0.750000
vt 0.636050 0.500000
vt 0.636050 0.750000
vt 0.635693 0.500000
vt 0.635693 0.750000
vt 0.635340 0.500000
vt 0.635340 0.750000
vt 0.634992 0.500000
vt 0.634992 0.750000
vt 0.634648 0.500000
vt 0.634648 0.750000
vt 0.634309 0.500000
vt 0.634309 0.750000
vt 0.625000 0.750000
vt 0.625000 0.750000
vt 0.625000 0.750000
vt 0.625000 0.750000
vt 0.625000 0.456745
vt 0.625000 0.457324
vt 0.625000 0.457904
vt 0.625000 0.458482
vt 0.625000 0.459061
vt 0.625000 0.459639
vt 0.625000 0.460216
vt 0.625000 0.460792
vt 0.625000 0.461367
vt 0.625000 0.461942
vt 0.625000 0.462515
vt 0.625000 0.463088
vt 0.625000 0.463659
vt 0.625000 0.464228
vt 0.625000 0.464797
vt 0.625000 0.465364
vt 0.625000 0.465929
vt 0.625000 0.466493
vt 0.625000 0.467055
vt 0.625000 0.467615
vt 0.625000 0.468174
vt 0.625000 0.468731
vt 0.625000 0.469286
vt 0.625000 0.469839
vt 0.625000 0.470390
vt 0.625000 0.470939
vt 0.625000 0.471485
vt 0.625000 0.472030
vt 0.625000 0.472573
vt 0.625000 0.473114
vt 0.625000 0.473652
vt 0.625000 0.474189
vt 0.625000 0.474723
vt 0.625000 0.475255
vt 0.625000 0.475785
vt 0.625000 0.476312
vt 0.625000 0.476838
vt 0.625000 0.477361
vt 0.625000 0.477882
vt 0.625000 0.478400
vt 0.625000 0.478917
vt 0.625000 0.479431
vt 0.625000 0.479943
vt 0.625000 0.480453
vt 0.625000 0.480961
vt 0.625000 0.481466
vt 0.625000 0.481969
vt 0.625000 0.482470
vt 0.622483 0.495611
vt 0.622389 0.495779
vt 0.622294 0.495946
vt 0.622197 0.496109
vt 0.622099 0.496269
vt 0.621999 0.496426
vt 0.621898 0.496581
vt 0.621796 0.496732
vt 0.621693 0.496881
vt 0.621588 0.497026
vt 0.621483 0.497168
vt 0.621376 0.497307
vt 0.621268 0.497443
vt 0.621158 0.497576
vt 0.621048 0.497705
vt 0.620937 0.497831
vt 0.620824 0.497954
vt 0.620711 0.498074
vt 0.620596 0.498190
vt 0.620481 0.498303
vt 0.620365 0.498412
vt 0.620248 0.498518
vt 0.620129 0.498620
vt 0.620011 0.498719
vt 0.619891 0.498815
vt 0.619770 0.498906
vt 0.619649 0.498995
vt 0.619527 0.499079
vt 0.619405 0.499160
vt 0.619281 0.499238
vt 0.619157 0.499312
vt 0.619033 0.499382
vt 0.618908 0.499448
vt 0.618782 0.499511
vt 0.618656 0.499570
vt 0.618529 0.499625
vt 0.618402 0.499676
vt 0.618275 0.499724
vt 0.618147 0.499768
vt 0.618018 0.499808
vt 0.617890 0.499845
vt 0.617761 0.499877
vt 0.617632 0.499906
vt 0.617503 0.499931
vt 0.617373 0.499952
vt 0.617243 0.499969
vt 0.617113 0.499983
vt 0.616984 0.499992
vt 0.616854 0.499998
vt 0.616724 0.500000
vt 0.625000 0.794414
vt 0.625000 0.875000
vt 0.625000 0.793835
vt 0.625000 0.793255
vt 0.625000 0.792676
vt 0.625000 0.792096
vt 0.625000 0.791518
vt 0.625000 0.790939
vt 0.625000 0.790362
vt 0.625000 0.789784
vt 0.625000 0.789208
vt 0.625000 0.788633
vt 0.625000 0.788058
vt 0.625000 0.787485
vt 0.625000 0.786912
vt 0.625000 0.786341
vt 0.625000 0.785772
vt 0.625000 0.785203
vt 0.625000 0.784636
vt 0.625000 0.784071
vt 0.625000 0.783507
vt 0.625000 0.782945
vt 0.625000 0.782385
vt 0.625000 0.781826
vt 0.625000 0.781269
vt 0.625000 0.780714
vt 0.625000 0.780161
vt 0.625000 0.779611
vt 0.625000 0.779061
vt 0.625000 0.778515
vt 0.625000 0.777970
vt 0.625000 0.777427
vt 0.625000 0.776886
vt 0.625000 0.776348
vt 0.625000 0.775811
vt 0.625000 0.775277
vt 0.625000 0.774745
vt 0.625000 0.774215
vt 0.625000 0.773688
vt 0.625000 0.773162
vt 0.625000 0.772639
vt 0.625000 0.772118
vt 0.625000 0.771600
vt 0.625000 0.771083
vt 0.625000 0.770569
vt 0.625000 0.770057
vt 0.625000 0.769547
vt 0.625000 0.769039
vt 0.625000 0.768534
vt 0.625000 0.768031
vt 0.625000 0.767530
vt 0.622483 0.754389
vt 0.622389 0.754220
vt 0.622294 0.754054
vt 0.622197 0.753891
vt 0.622099 0.753731
vt 0.621999 0.753574
vt 0.621898 0.753419
vt 0.621796 0.753268
vt 0.621693 0.753119
vt 0.621588 0.752974
vt 0.621483 0.752832
vt 0.621376 0.752693
vt 0.621268 0.752557
vt 0.621158 0.752424
vt 0.621048 0.752295
vt 0.620937 0.752169
vt 0.620824 0.752046
vt 0.620711 0.751926
vt 0.620596 0.751810
vt 0.620481 0.751697
vt 0.620365 0.751588
vt 0.620248 0.751482
vt 0.620129 0.751380
vt 0.620011 0.751281
vt 0.619891 0.751185
vt 0.619770 0.751094
vt 0.619649 0.751005
vt 0.619527 0.750921
vt 0.619404 0.750840
vt 0.619281 0.750762
vt 0.619157 0.750688
vt 0.619033 0.750618
vt 0.618908 0.750552
vt 0.618782 0.750489
vt 0.618656 0.750430
vt 0.618529 0.750375
vt 0.618402 0.750324
vt 0.618274 0.750276
vt 0.618147 0.750232
vt 0.618018 0.750192
vt 0.617890 0.750155
vt 0.617761 0.750123
vt 0.617632 0.750094
vt 0.617503 0.750069
vt 0.617373 0.750048
vt 0.617243 0.750031
vt 0.617114 0.750017
vt 0.616984 0.750008
vt 0.616854 0.750002
vt 0.616724 0.750000
vt 0.625000 0.875000
vt 1.000000 0.500000
vt 1.000000 1.000000
vt 0.990000 1.000000
vt 0.990000 0.500000
vt 0.980000 1.000000
vt 0.980000 0.500000
vt 0.970000 1.000000
vt 0.970000 0.500000
vt 0.960000 1.000000
vt 0.960000 0.500000
vt 0.950000 1.000000
vt 0.950000 0.500000
vt 0.940000 1.000000
vt 0.940000 0.500000
vt 0.930000 1.000000
vt 0.930000 0.500000
vt 0.920000 1.000000
vt 0.920000 0.500000
vt 0.910000 1.000000
vt 0.910000 0.500000
vt 0.900000 1.000000
vt 0.900000 0.500000
vt 0.890000 1.000000
vt 0.890000 0.500000
vt 0.880000 1.000000
vt 0.880000 0.500000
vt 0.870000 1.000000
vt 0.870000 0.500000
vt 0.860000 1.000000
vt 0.860000 0.500000
vt 0.850000 1.000000
vt 0.850000 0.500000
vt 0.840000 1.000000
vt 0.840000 0.500000
vt 0.830000 1.000000
vt 0.830000 0.500000
vt 0.820000 1.000000
vt 0.820000 0.500000
vt 0.810000 1.000000
vt 0.810000 0.500000
vt 0.800000 1.000000
vt 0.800000 0.500000
vt 0.790000 1.000000
vt 0.790000 0.500000
vt 0.780000 1.000000
vt 0.780000 0.500000
vt 0.770000 1.000000
vt 0.770000 0.500000
vt 0.760000 1.000000
vt 0.760000 0.500000
vt 0.750000 1.000000
vt 0.750000 0.500000
vt 0.740000 1.000000
vt 0.740000 0.500000
vt 0.730000 1.000000
vt 0.730000 0.500000
vt 0.720000 1.000000
vt 0.720000 0.500000
vt 0.710000 1.000000
vt 0.710000 0.500000
vt 0.700000 1.000000
vt 0.700000 0.500000
vt 0.690000 1.000000
vt 0.690000 0.500000
vt 0.680000 1.000000
vt 0.680000 0.500000
vt 0.670000 1.000000
vt 0.670000 0.500000
vt 0.660000 1.000000
vt 0.660000 0.500000
vt 0.650000 1.000000
vt 0.650000 0.500000
vt 0.640000 1.000000
vt 0.640000 0.500000
vt 0.630000 1.000000
vt 0.630000 0.500000
vt 0.620000 1.000000
vt 0.620000 0.500000
vt 0.610000 1.000000
vt 0.610000 0.500000
vt 0.600000 1.000000
vt 0.600000 0.500000
vt 0.590000 1.000000
vt 0.590000 0.500000
vt 0.580000 1.000000
vt 0.580000 0.500000
vt 0.570000 1.000000
vt 0.570000 0.500000
vt 0.560000 1.000000
vt 0.560000 0.500000
vt 0.550000 1.000000
vt 0.550000 0.500000
vt 0.540000 1.000000
vt 0.540000 0.500000
vt 0.530000 1.000000
vt 0.530000 0.500000
vt 0.520000 1.000000
vt 0.520000 0.500000
vt 0.510000 1.000000
vt 0.510000 0.500000
vt 0.500000 1.000000
vt 0.500000 0.500000
vt 0.490000 1.000000
vt 0.490000 0.500000
vt 0.480000 1.000000
vt 0.480000 0.500000
vt 0.470001 1.000000
vt 0.470001 0.500000
vt 0.460001 1.000000
vt 0.460001 0.500000
vt 0.450001 1.000000
vt 0.450001 0.500000
vt 0.440001 1.000000
vt 0.440001 0.500000
vt 0.430001 1.000000
vt 0.430001 0.500000
vt 0.420001 1.000000
vt 0.420001 0.500000
vt 0.410001 1.000000
vt 0.410001 0.500000
vt 0.400001 1.000000
vt 0.400001 0.500000
vt 0.390001 1.000000
vt 0.390001 0.500000
vt 0.380001 1.000000
vt 0.380001 0.500000
vt 0.370001 1.000000
vt 0.370001 0.500000
vt 0.360001 1.000000
vt 0.360001 0.500000
vt 0.350001 1.000000
vt 0.350001 0.500000
vt 0.340001 1.000000
vt 0.340001 0.500000
vt 0.330001 1.000000
vt 0.330001 0.500000
vt 0.320001 1.000000
vt 0.320001 0.500000
vt 0.310001 1.000000
vt 0.310001 0.500000
vt 0.300001 1.000000
vt 0.300001 0.500000
vt 0.290001 1.000000
vt 0.290001 0.500000
vt 0.280001 1.000000
vt 0.280001 0.500000
vt 0.270001 1.000000
vt 0.270001 0.500000
vt 0.260001 1.000000
vt 0.260001 0.500000
vt 0.250001 1.000000
vt 0.250001 0.500000
vt 0.240001 1.000000
vt 0.240001 0.500000
vt 0.230001 1.000000
vt 0.230001 0.500000
vt 0.220001 1.000000
vt 0.220001 0.500000
vt 0.210001 1.000000
vt 0.210001 0.500000
vt 0.200001 1.000000
vt 0.200001 0.500000
vt 0.190001 1.000000
vt 0.190001 0.500000
vt 0.180001 1.000000
vt 0.180001 0.500000
vt 0.170001 1.000000
vt 0.170001 0.500000
vt 0.160001 1.000000
vt 0.160001 0.500000
vt 0.150001 1.000000
vt 0.150001 0.500000
vt 0.140001 1.000000
vt 0.140001 0.500000
vt 0.130001 1.000000
vt 0.130001 0.500000
vt 0.120001 1.000000
vt 0.120001 0.500000
vt 0.110001 1.000000
vt 0.110001 0.500000
vt 0.100001 1.000000
vt 0.100001 0.500000
vt 0.090001 1.000000
vt 0.090001 0.500000
vt 0.080001 1.000000
vt 0.080001 0.500000
vt 0.070001 1.000000
vt 0.070001 0.500000
vt 0.060001 1.000000
vt 0.060001 0.500000
vt 0.050001 1.000000
vt 0.050001 0.500000
vt 0.040001 1.000000
vt 0.040001 0.500000
vt 0.030001 1.000000
vt 0.030001 0.500000
vt 0.020001 1.000000
vt 0.020001 0.500000
vt 0.265070 0.489526
vt 0.250000 0.490000
vt 0.234930 0.489526
vt 0.219920 0.488108
vt 0.205028 0.485749
vt 0.190314 0.482460
vt 0.175836 0.478254
vt 0.161650 0.473146
vt 0.147813 0.467158
vt 0.134379 0.460314
vt 0.121402 0.452639
vt 0.108932 0.444164
vt 0.097018 0.434923
vt 0.085709 0.424952
vt 0.075048 0.414291
vt 0.065077 0.402982
vt 0.055836 0.391068
vt 0.047361 0.378598
vt 0.039686 0.365621
vt 0.032842 0.352187
vt 0.026854 0.338350
vt 0.021746 0.324164
vt 0.017540 0.309686
vt 0.014251 0.294972
vt 0.011892 0.280080
vt 0.010474 0.265070
vt 0.010000 0.250000
vt 0.010474 0.234930
vt 0.011892 0.219920
vt 0.014251 0.205028
vt 0.017540 0.190314
vt 0.021746 0.175836
vt 0.026854 0.161650
vt 0.032842 0.147813
vt 0.039686 0.134379
vt 0.047361 0.121402
vt 0.055836 0.108932
vt 0.065077 0.097018
vt 0.075048 0.085709
vt 0.085709 0.075048
vt 0.097018 0.065077
vt 0.108932 0.055836
vt 0.121402 0.047361
vt 0.134379 0.039686
vt 0.147813 0.032842
vt 0.161650 0.026854
vt 0.175836 0.021746
vt 0.190314 0.017540
vt 0.205028 0.014251
vt 0.219920 0.011892
vt 0.234930 0.010474
vt 0.250000 0.010000
vt 0.265070 0.010474
vt 0.280080 0.011892
vt 0.294972 0.014251
vt 0.309686 0.017540
vt 0.324164 0.021746
vt 0.338350 0.026854
vt 0.352187 0.032842
vt 0.365621 0.039686
vt 0.378598 0.047361
vt 0.391068 0.055836
vt 0.402982 0.065077
vt 0.414291 0.075048
vt 0.424952 0.085709
vt 0.434923 0.097018
vt 0.444164 0.108932
vt 0.452639 0.121402
vt 0.460314 0.134379
vt 0.467158 0.147813
vt 0.473146 0.161650
vt 0.478254 0.175836
vt 0.482460 0.190314
vt 0.485749 0.205028
vt 0.488108 0.219920
vt 0.489526 0.234930
vt 0.490000 0.250000
vt 0.489526 0.265070
vt 0.488108 0.280080
vt 0.485749 0.294972
vt 0.482460 0.309686
vt 0.478254 0.324164
vt 0.473146 0.338350
vt 0.467158 0.352187
vt 0.460314 0.365621
vt 0.452639 0.378598
vt 0.444164 0.391068
vt 0.434923 0.402982
vt 0.424952 0.414291
vt 0.414291 0.424952
vt 0.402982 0.434923
vt 0.391068 0.444164
vt 0.378598 0.452639
vt 0.365621 0.460314
vt 0.352187 0.467158
vt 0.338350 0.473146
vt 0.324164 0.478254
vt 0.309686 0.482460
vt 0.294972 0.485749
vt 0.280080 0.488108
vt 0.010001 1.000000
vt 0.010001 0.500000
vt 0.000001 1.000000
vt 0.000001 0.500000
vt 0.388276 0.750000
vt 0.388276 0.750000
vt 0.625000 0.484415
vt 0.625000 0.484018
vt 0.625000 0.483456
vt 0.625000 0.482718
vt 0.625000 0.481790
vt 0.625000 0.480657
vt 0.625000 0.479306
vt 0.625000 0.477720
vt 0.625000 0.475885
vt 0.625000 0.473791
vt 0.625000 0.471429
vt 0.625000 0.468798
vt 0.625000 0.465905
vt 0.625000 0.462766
vt 0.625000 0.459406
vt 0.625000 0.455862
vt 0.625000 0.452183
vt 0.625000 0.448430
vt 0.625001 0.444678
vt 0.625000 0.441015
vt 0.624999 0.437547
vt 0.625000 0.434398
vt 0.625001 0.431707
vt 0.625000 0.429626
vt 0.625000 0.428299
vt 0.625000 0.427835
vt 0.625000 0.428276
vt 0.625000 0.429583
vt 0.625000 0.431646
vt 0.625000 0.434323
vt 0.625000 0.437463
vt 0.625000 0.440923
vt 0.625000 0.444581
vt 0.625000 0.448331
vt 0.625000 0.452082
vt 0.625000 0.455761
vt 0.624999 0.459305
vt 0.625000 0.462667
vt 0.625000 0.465809
vt 0.625000 0.468705
vt 0.625000 0.471338
vt 0.625000 0.473703
vt 0.625000 0.475801
vt 0.625000 0.477640
vt 0.625000 0.479229
vt 0.625000 0.480584
vt 0.625000 0.481719
vt 0.625000 0.482651
vt 0.625000 0.483391
vt 0.625000 0.483956
vt 0.625000 0.484354
vt 0.377498 0.750000
vt 0.377498 0.750000
vt 0.377498 0.500000
vt 0.377498 0.500000
vt 0.388276 0.500000
vt 0.388276 0.500000
vt 0.388192 0.499998
vt 0.388192 0.499998
vt 0.388107 0.499992
vt 0.388107 0.499992
vt 0.388023 0.499981
vt 0.388023 0.499981
vt 0.387938 0.499966
vt 0.387938 0.499966
vt 0.387854 0.499947
vt 0.387854 0.499947
vt 0.387770 0.499924
vt 0.387770 0.499924
vt 0.387686 0.499896
vt 0.387686 0.499896
vt 0.387602 0.499865
vt 0.387602 0.499865
vt 0.387518 0.499829
vt 0.387518 0.499829
vt 0.387434 0.499789
vt 0.387434 0.499789
vt 0.387351 0.499745
vt 0.387351 0.499745
vt 0.387268 0.499696
vt 0.387268 0.499696
vt 0.387185 0.499644
vt 0.387185 0.499644
vt 0.387102 0.499587
vt 0.387102 0.499587
vt 0.387020 0.499526
vt 0.387020 0.499526
vt 0.386938 0.499461
vt 0.386938 0.499461
vt 0.386856 0.499392
vt 0.386856 0.499392
vt 0.386775 0.499319
vt 0.386775 0.499319
vt 0.386694 0.499242
vt 0.386694 0.499242
vt 0.386613 0.499161
vt 0.386613 0.499161
vt 0.386533 0.499075
vt 0.386533 0.499075
vt 0.386453 0.498986
vt 0.386454 0.498986
vt 0.386374 0.498893
vt 0.386374 0.498893
vt 0.386295 0.498796
vt 0.386295 0.498796
vt 0.386217 0.498694
vt 0.386217 0.498694
vt 0.386139 0.498589
vt 0.386139 0.498589
vt 0.386062 0.498480
vt 0.386062 0.498480
vt 0.385985 0.498368
vt 0.385985 0.498368
vt 0.385909 0.498251
vt 0.385909 0.498251
vt 0.385833 0.498131
vt 0.385833 0.498131
vt 0.385758 0.498006
vt 0.385758 0.498007
vt 0.385684 0.497879
vt 0.385684 0.497879
vt 0.385610 0.497747
vt 0.385610 0.497747
vt 0.385537 0.497612
vt 0.385537 0.497612
vt 0.385465 0.497473
vt 0.385465 0.497473
vt 0.385393 0.497330
vt 0.385393 0.497330
vt 0.385322 0.497184
vt 0.385322 0.497184
vt 0.385252 0.497034
vt 0.385252 0.497034
vt 0.385182 0.496881
vt 0.385182 0.496881
vt 0.385113 0.496724
vt 0.385113 0.496724
vt 0.385045 0.496564
vt 0.385046 0.496564
vt 0.384978 0.496401
vt 0.384978 0.496401
vt 0.384912 0.496234
vt 0.384912 0.496234
vt 0.384846 0.496064
vt 0.384846 0.496064
vt 0.384782 0.495891
vt 0.384782 0.495891
vt 0.384718 0.495714
vt 0.384718 0.495714
vt 0.384655 0.495534
vt 0.384655 0.495534
vt 0.384593 0.495352
vt 0.384593 0.495352
vt 0.384532 0.495166
vt 0.384532 0.495166
vt 0.382895 0.500000
vt 0.382896 0.500000
vt 0.381254 0.500000
vt 0.381254 0.500000
vt 0.381193 0.500000
vt 0.381193 0.500000
vt 0.381131 0.500000
vt 0.381131 0.500000
vt 0.381068 0.500000
vt 0.381068 0.500000
vt 0.381003 0.500000
vt 0.381004 0.500000
vt 0.380939 0.500000
vt 0.380939 0.500000
vt 0.380873 0.500000
vt 0.380873 0.500000
vt 0.380806 0.500000
vt 0.380806 0.500000
vt 0.380739 0.500000
vt 0.380739 0.500000
vt 0.380671 0.500000
vt 0.380671 0.500000
vt 0.380602 0.500000
vt 0.380602 0.500000
vt 0.380532 0.500000
vt 0.380532 0.500000
vt 0.380461 0.500000
vt 0.380462 0.500000
vt 0.380390 0.500000
vt 0.380390 0.500000
vt 0.380318 0.500000
vt 0.380318 0.500000
vt 0.380246 0.500000
vt 0.380246 0.500000
vt 0.380172 0.500000
vt 0.380172 0.500000
vt 0.380098 0.500000
vt 0.380098 0.500000
vt 0.380024 0.500000
vt 0.380024 0.500000
vt 0.379949 0.500000
vt 0.379949 0.500000
vt 0.379873 0.500000
vt 0.379873 0.500000
vt 0.379796 0.500000
vt 0.379796 0.500000
vt 0.379719 0.500000
vt 0.379719 0.500000
vt 0.379642 0.500000
vt 0.379642 0.500000
vt 0.379564 0.500000
vt 0.379564 0.500000
vt 0.379485 0.500000
vt 0.379485 0.500000
vt 0.379406 0.500000
vt 0.379406 0.500000
vt 0.379327 0.500000
vt 0.379327 0.500000
vt 0.379247 0.500000
vt 0.379247 0.500000
vt 0.379166 0.500000
vt 0.379166 0.500000
vt 0.379085 0.500000
vt 0.379085 0.500000
vt 0.379004 0.500000
vt 0.379004 0.500000
vt 0.378922 0.500000
vt 0.378923 0.500000
vt 0.378841 0.500000
vt 0.378841 0.500000
vt 0.378758 0.500000
vt 0.378758 0.500000
vt 0.378676 0.500000
vt 0.378676 0.500000
vt 0.378593 0.500000
vt 0.378593 0.500000
vt 0.378510 0.500000
vt 0.378510 0.500000
vt 0.378426 0.500000
vt 0.378426 0.500000
vt 0.378343 0.500000
vt 0.378343 0.500000
vt 0.378259 0.500000
vt 0.378259 0.500000
vt 0.378175 0.500000
vt 0.378175 0.500000
vt 0.378091 0.500000
vt 0.378091 0.500000
vt 0.378006 0.500000
vt 0.378006 0.500000
vt 0.377922 0.500000
vt 0.377922 0.500000
vt 0.377837 0.500000
vt 0.377837 0.500000
vt 0.377753 0.500000
vt 0.377753 0.500000
vt 0.377668 0.500000
vt 0.377668 0.500000
vt 0.377583 0.500000
vt 0.377583 0.500000
vt 0.388192 0.750002
vt 0.388107 0.750008
vt 0.388023 0.750019
vt 0.387938 0.750034
vt 0.387854 0.750053
vt 0.387770 0.750076
vt 0.387686 0.750104
vt 0.387602 0.750135
vt 0.387518 0.750171
vt 0.387434 0.750211
vt 0.387351 0.750255
vt 0.387268 0.750304
vt 0.387185 0.750356
vt 0.387102 0.750413
vt 0.387020 0.750474
vt 0.386938 0.750539
vt 0.386856 0.750608
vt 0.386775 0.750681
vt 0.386694 0.750758
vt 0.386613 0.750839
vt 0.386533 0.750925
vt 0.386454 0.751014
vt 0.386374 0.751107
vt 0.386295 0.751204
vt 0.386217 0.751305
vt 0.386139 0.751411
vt 0.386062 0.751520
vt 0.385985 0.751632
vt 0.385909 0.751749
vt 0.385833 0.751869
vt 0.385758 0.751994
vt 0.385684 0.752121
vt 0.385610 0.752253
vt 0.385537 0.752388
vt 0.385465 0.752527
vt 0.385393 0.752670
vt 0.385322 0.752816
vt 0.385252 0.752966
vt 0.385182 0.753119
vt 0.385113 0.753275
vt 0.385045 0.753436
vt 0.384978 0.753599
vt 0.384912 0.753766
vt 0.384846 0.753936
vt 0.384782 0.754109
vt 0.384718 0.754286
vt 0.384655 0.754466
vt 0.384593 0.754648
vt 0.384532 0.754834
vt 0.382895 0.750000
vt 0.381254 0.750000
vt 0.381193 0.750000
vt 0.381131 0.750000
vt 0.381068 0.750000
vt 0.381003 0.750000
vt 0.380939 0.750000
vt 0.380873 0.750000
vt 0.380806 0.750000
vt 0.380739 0.750000
vt 0.380671 0.750000
vt 0.380602 0.750000
vt 0.380532 0.750000
vt 0.380462 0.750000
vt 0.380390 0.750000
vt 0.380318 0.750000
vt 0.380246 0.750000
vt 0.380172 0.750000
vt 0.380098 0.750000
vt 0.380024 0.750000
vt 0.379949 0.750000
vt 0.379873 0.750000
vt 0.379796 0.750000
vt 0.379719 0.750000
vt 0.379642 0.750000
vt 0.379564 0.750000
vt 0.379485 0.750000
vt 0.379406 0.750000
vt 0.379327 0.750000
vt 0.379247 0.750000
vt 0.379166 0.750000
vt 0.379085 0.750000
vt 0.379004 0.750000
vt 0.378923 0.750000
vt 0.378841 0.750000
vt 0.378758 0.750000
vt 0.378676 0.750000
vt 0.378593 0.750000
vt 0.378510 0.750000
vt 0.378426 0.750000
vt 0.378343 0.750000
vt 0.378259 0.750000
vt 0.378175 0.750000
vt 0.378091 0.750000
vt 0.378006 0.750000
vt 0.377922 0.750000
vt 0.377837 0.750000
vt 0.377753 0.750000
vt 0.377668 0.750000
vt 0.377583 0.750000
vt 0.388192 0.750002
vt 0.388107 0.750008
vt 0.388023 0.750019
vt 0.387938 0.750034
vt 0.387854 0.750053
vt 0.387770 0.750076
vt 0.387686 0.750104
vt 0.387602 0.750135
vt 0.387518 0.750171
vt 0.387434 0.750211
vt 0.387351 0.750255
vt 0.387185 0.750356
vt 0.387102 0.750413
vt 0.387020 0.750474
vt 0.386938 0.750539
vt 0.386856 0.750608
vt 0.386775 0.750681
vt 0.386694 0.750758
vt 0.386613 0.750839
vt 0.386533 0.750925
vt 0.386453 0.751014
vt 0.386374 0.751107
vt 0.386217 0.751306
vt 0.386139 0.751410
vt 0.386062 0.751519
vt 0.385985 0.751632
vt 0.385909 0.751749
vt 0.385833 0.751869
vt 0.385758 0.751994
vt 0.385684 0.752121
vt 0.385610 0.752253
vt 0.385537 0.752388
vt 0.385465 0.752527
vt 0.385393 0.752670
vt 0.385322 0.752816
vt 0.385252 0.752966
vt 0.385182 0.753119
vt 0.385113 0.753276
vt 0.385045 0.753436
vt 0.384978 0.753599
vt 0.384912 0.753766
vt 0.384846 0.753936
vt 0.384782 0.754109
vt 0.384718 0.754286
vt 0.384655 0.754466
vt 0.384593 0.754648
vt 0.384532 0.754834
vt 0.382895 0.750000
vt 0.381254 0.750000
vt 0.381193 0.750000
vt 0.381131 0.750000
vt 0.381067 0.750000
vt 0.381003 0.750000
vt 0.380939 0.750000
vt 0.380873 0.750000
vt 0.380806 0.750000
vt 0.380739 0.750000
vt 0.380671 0.750000
vt 0.380602 0.750000
vt 0.380532 0.750000
vt 0.380461 0.750000
vt 0.380390 0.750000
vt 0.380318 0.750000
vt 0.380246 0.750000
vt 0.380172 0.750000
vt 0.380098 0.750000
vt 0.380024 0.750000
vt 0.379949 0.750000
vt 0.379873 0.750000
vt 0.379796 0.750000
vt 0.379719 0.750000
vt 0.379642 0.750000
vt 0.379564 0.750000
vt 0.379485 0.750000
vt 0.379406 0.750000
vt 0.379326 0.750000
vt 0.379247 0.750000
vt 0.379166 0.750000
vt 0.379085 0.750000
vt 0.379004 0.750000
vt 0.378922 0.750000
vt 0.378841 0.750000
vt 0.378758 0.750000
vt 0.378676 0.750000
vt 0.378593 0.750000
vt 0.378510 0.750000
vt 0.378426 0.750000
vt 0.378343 0.750000
vt 0.378259 0.750000
vt 0.378175 0.750000
vt 0.378091 0.750000
vt 0.378006 0.750000
vt 0.377922 0.750000
vt 0.377837 0.750000
vt 0.377753 0.750000
vt 0.377668 0.750000
vt 0.377583 0.750000
vt 0.190001 0.598538
vt 0.190001 0.901462
vt 0.200001 0.901462
vt 0.200001 0.598538
vt 0.960000 0.598538
vt 0.960000 0.901462
vt 0.970000 0.901462
vt 0.970000 0.598538
vt 0.560000 0.598538
vt 0.560000 0.901462
vt 0.570000 0.901462
vt 0.570000 0.598538
vt 0.210001 0.901462
vt 0.210001 0.598538
vt 0.400001 0.598538
vt 0.400001 0.901462
vt 0.410001 0.901462
vt 0.410001 0.598538
vt 0.690000 0.598538
vt 0.690000 0.901462
vt 0.700000 0.901462
vt 0.700000 0.598538
vt 0.710000 0.598538
vt 0.710000 0.901462
vt 0.720000 0.901462
vt 0.720000 0.598538
vt 0.750000 0.598538
vt 0.750000 0.901462
vt 0.760000 0.901462
vt 0.760000 0.598538
vt 0.150001 0.598538
vt 0.150001 0.901462
vt 0.160001 0.901462
vt 0.160001 0.598538
vt 0.740000 0.598538
vt 0.740000 0.901462
vt 0.300001 0.598538
vt 0.300001 0.901462
vt 0.310001 0.901462
vt 0.310001 0.598538
vt 0.850000 0.598538
vt 0.850000 0.901462
vt 0.860000 0.901462
vt 0.860000 0.598538
vt 0.780000 0.598538
vt 0.780000 0.901462
vt 0.790000 0.901462
vt 0.790000 0.598538
vt 0.940000 0.598538
vt 0.940000 0.901462
vt 0.950000 0.901462
vt 0.950000 0.598538
vt 0.490000 0.598538
vt 0.490000 0.901462
vt 0.500000 0.901462
vt 0.500000 0.598538
vt 0.730000 0.598538
vt 0.730000 0.901462
vt 0.340001 0.598538
vt 0.340001 0.901462
vt 0.350001 0.901462
vt 0.350001 0.598538
vt 0.590000 0.598538
vt 0.590000 0.901462
vt 0.600000 0.901462
vt 0.600000 0.598538
vt 0.480000 0.598538
vt 0.480000 0.901462
vt 0.390001 0.598538
vt 0.390001 0.901462
vt 0.170001 0.598538
vt 0.170001 0.901462
vt 0.180001 0.901462
vt 0.180001 0.598538
vt 0.460001 0.598538
vt 0.460001 0.901462
vt 0.470001 0.901462
vt 0.470001 0.598538
vt 0.260001 0.598538
vt 0.260001 0.901462
vt 0.270001 0.901462
vt 0.270001 0.598538
vt 0.770000 0.901462
vt 0.770000 0.598538
vt 0.120001 0.598538
vt 0.120001 0.901462
vt 0.130001 0.901462
vt 0.130001 0.598538
vt 0.625000 0.484597
vt 0.625000 0.484691
vt 0.625000 0.484646
vt 0.625000 0.484464
vt 0.625000 0.484154
vt 0.625000 0.483721
vt 0.625000 0.483173
vt 0.625000 0.482520
vt 0.625001 0.481779
vt 0.625000 0.480967
vt 0.625000 0.480108
vt 0.625000 0.479228
vt 0.625000 0.478355
vt 0.625000 0.477515
vt 0.625000 0.476731
vt 0.625000 0.476018
vt 0.625000 0.475388
vt 0.625000 0.474844
vt 0.625000 0.474386
vt 0.625000 0.474012
vt 0.625000 0.473715
vt 0.625000 0.473491
vt 0.625000 0.473334
vt 0.625000 0.473243
vt 0.625000 0.473213
vt 0.625000 0.473244
vt 0.625000 0.473337
vt 0.625000 0.473495
vt 0.625000 0.473721
vt 0.625000 0.474019
vt 0.625000 0.474397
vt 0.625000 0.474857
vt 0.625000 0.475403
vt 0.625000 0.476037
vt 0.625000 0.476753
vt 0.625000 0.477541
vt 0.625000 0.478384
vt 0.625000 0.479261
vt 0.625000 0.480145
vt 0.625000 0.481007
vt 0.625000 0.481822
vt 0.625000 0.482566
vt 0.625000 0.483221
vt 0.625000 0.483770
vt 0.625000 0.484205
vt 0.625000 0.484518
vt 0.625000 0.484700
vt 0.625000 0.484748
vt 0.625000 0.484655
vt 0.625000 0.499995
vt 0.625000 0.499982
vt 0.625000 0.499960
vt 0.625000 0.499931
vt 0.625000 0.499893
vt 0.625000 0.499848
vt 0.625000 0.499794
vt 0.625000 0.499733
vt 0.625000 0.499664
vt 0.625000 0.499588
vt 0.625000 0.499504
vt 0.625000 0.499413
vt 0.625000 0.499315
vt 0.625000 0.499209
vt 0.625000 0.499095
vt 0.625000 0.498975
vt 0.625000 0.498848
vt 0.625000 0.498713
vt 0.625000 0.498571
vt 0.625000 0.498423
vt 0.625000 0.498267
vt 0.625000 0.498105
vt 0.625000 0.497936
vt 0.625000 0.497760
vt 0.625000 0.497577
vt 0.625000 0.497388
vt 0.625000 0.497193
vt 0.625000 0.496990
vt 0.625000 0.496781
vt 0.625000 0.496566
vt 0.625000 0.496345
vt 0.625000 0.496117
vt 0.625000 0.495884
vt 0.625000 0.495644
vt 0.625000 0.495398
vt 0.625000 0.495146
vt 0.625000 0.494888
vt 0.625000 0.494624
vt 0.625000 0.494354
vt 0.625000 0.494079
vt 0.625000 0.493798
vt 0.625000 0.493511
vt 0.625000 0.493219
vt 0.625000 0.492921
vt 0.625000 0.492618
vt 0.625000 0.492310
vt 0.625000 0.491996
vt 0.625000 0.491677
vt 0.625000 0.491354
vt 0.625000 0.491025
vt 0.625000 0.490691
vt 0.625000 0.489307
vt 0.625000 0.488950
vt 0.625000 0.488221
vt 0.625000 0.487475
vt 0.625000 0.487096
vt 0.625000 0.486325
vt 0.625000 0.485934
vt 0.625000 0.484737
vt 0.625000 0.483921
vt 0.625000 0.483508
vt 0.625000 0.483092
vt 0.625000 0.482249
vt 0.625000 0.481394
vt 0.625000 0.480963
vt 0.625000 0.480091
vt 0.625000 0.479651
vt 0.625000 0.479209
vt 0.625000 0.478318
vt 0.625000 0.477869
vt 0.625000 0.476965
vt 0.625000 0.476054
vt 0.625000 0.474675
vt 0.625000 0.473749
vt 0.625000 0.472818
vt 0.625000 0.472352
vt 0.625000 0.471885
vt 0.625000 0.471417
vt 0.040001 0.598538
vt 0.040001 0.901462
vt 0.050001 0.901462
vt 0.050001 0.598538
vt 0.360001 0.901462
vt 0.360001 0.598538
vt 0.640000 0.598538
vt 0.640000 0.901462
vt 0.650000 0.901462
vt 0.650000 0.598538
vt 0.510000 0.901462
vt 0.510000 0.598538
vt 0.080001 0.598538
vt 0.080001 0.901462
vt 0.090001 0.901462
vt 0.090001 0.598538
vt 0.610000 0.598538
vt 0.610000 0.901462
vt 0.620000 0.901462
vt 0.620000 0.598538
vt 0.980000 0.901462
vt 0.980000 0.598538
vt 0.820000 0.598538
vt 0.820000 0.901462
vt 0.830000 0.901462
vt 0.830000 0.598538
vt 0.070001 0.598538
vt 0.070001 0.901462
vt 0.060001 0.598538
vt 0.060001 0.901462
vt 0.990000 0.901462
vt 0.990000 0.598538
vt 0.660000 0.901462
vt 0.660000 0.598538
vt 0.420001 0.901462
vt 0.420001 0.598538
vt 0.550000 0.598538
vt 0.550000 0.901462
vt 0.630000 0.598538
vt 0.630000 0.901462
vt 0.010001 0.598538
vt 0.010001 0.901462
vt 0.020001 0.901462
vt 0.020001 0.598538
vt 0.430001 0.901462
vt 0.430001 0.598538
vt 0.930000 0.598538
vt 0.930000 0.901462
vt 0.230001 0.598538
vt 0.230001 0.901462
vt 0.240001 0.901462
vt 0.240001 0.598538
vt 0.030001 0.901462
vt 0.030001 0.598538
vt 0.840000 0.598538
vt 0.840000 0.901462
vt 0.540000 0.598538
vt 0.540000 0.901462
vt 0.670000 0.901462
vt 0.670000 0.598538
vt 0.450001 0.598538
vt 0.450001 0.901462
vt 0.440001 0.598538
vt 0.440001 0.901462
vt 0.140001 0.901462
vt 0.140001 0.598538
vt 0.280001 0.901462
vt 0.280001 0.598538
vt 0.250001 0.901462
vt 0.250001 0.598538
vt 0.800000 0.598538
vt 0.800000 0.901462
vt 0.810000 0.901462
vt 0.810000 0.598538
vt 0.100001 0.901462
vt 0.100001 0.598538
vt 0.220001 0.598538
vt 0.220001 0.901462
vt 0.290001 0.598538
vt 0.290001 0.901462
vt 0.110001 0.598538
vt 0.110001 0.901462
vt 0.880000 0.598538
vt 0.880000 0.901462
vt 0.890000 0.901462
vt 0.890000 0.598538
vt 0.920000 0.598538
vt 0.920000 0.901462
vt 0.520000 0.901462
vt 0.520000 0.598538
vt 0.870000 0.901462
vt 0.870000 0.598538
vt 0.680000 0.598538
vt 0.680000 0.901462
vt 0.530000 0.901462
vt 0.530000 0.598538
vt 0.900000 0.598538
vt 0.900000 0.901462
vt 0.910000 0.901462
vt 0.910000 0.598538
vt 0.580000 0.598538
vt 0.580000 0.901462
vt 0.320001 0.598538
vt 0.320001 0.901462
vt 0.330001 0.901462
vt 0.330001 0.598538
vt 0.370001 0.598538
vt 0.370001 0.901462
vt 0.380001 0.901462
vt 0.380001 0.598538
vt 1.000000 0.901462
vt 1.000000 0.598538
vt 0.000001 0.598538
vt 0.000001 0.901462
vt 0.625000 0.766044
vt 0.625000 0.766609
vt 0.625000 0.767349
vt 0.625000 0.768281
vt 0.625000 0.769416
vt 0.625000 0.770771
vt 0.625000 0.772360
vt 0.625000 0.774198
vt 0.625000 0.776296
vt 0.625000 0.778662
vt 0.625000 0.781295
vt 0.625000 0.784191
vt 0.625000 0.787333
vt 0.625000 0.790694
vt 0.625000 0.794239
vt 0.625000 0.797918
vt 0.625000 0.801669
vt 0.625000 0.805419
vt 0.625000 0.809076
vt 0.625000 0.812537
vt 0.625000 0.815677
vt 0.625000 0.818355
vt 0.625000 0.820418
vt 0.625000 0.821724
vt 0.625000 0.822165
vt 0.625000 0.821701
vt 0.625000 0.820375
vt 0.625000 0.818294
vt 0.625000 0.815602
vt 0.625000 0.812452
vt 0.625000 0.808985
vt 0.625000 0.805322
vt 0.625000 0.801570
vt 0.625000 0.797816
vt 0.625000 0.794138
vt 0.624999 0.790593
vt 0.625000 0.787233
vt 0.625000 0.784094
vt 0.624999 0.781202
vt 0.625000 0.778571
vt 0.625000 0.776210
vt 0.625000 0.774115
vt 0.625000 0.772281
vt 0.625000 0.770694
vt 0.625000 0.769343
vt 0.625000 0.768210
vt 0.625000 0.767283
vt 0.625000 0.766543
vt 0.625001 0.765982
s 0
usemtl solve.mtl
f 914/1/1 306/1/1 206/2/1 814/2/1
f 4/3/2 205/3/2 307/4/2 104/4/2
f 206/5/3 305/6/3 304/7/3 303/8/3 302/9/3 301/10/3 300/11/3 299/12/3 298/13/3 297/14/3 296/15/3 295/16/3 294/17/3 293/18/3 292/19/3 291/20/3 290/21/3 289/22/3 288/23/3 287/24/3 286/25/3 285/26/3 284/27/3 283/28/3 282/29/3 281/30/3 280/31/3 279/32/3 278/33/3 277/34/3 276/35/3 275/36/3 274/37/3 273/38/3 272/39/3 271/40/3 270/41/3 269/42/3 268/43/3 267/44/3 266/45/3 265/46/3 264/47/3 263/48/3 262/49/3 261/50/3 260/51/3 259/52/3 258/53/3 257/54/3 256/55/3 255/56/3 254/57/3 253/58/3 252/59/3 251/60/3 250/61/3 249/62/3 248/63/3 247/64/3 246/65/3 245/66/3 244/67/3 243/68/3 242/69/3 241/70/3 240/71/3 239/72/3 238/73/3 237/74/3 236/75/3 235/76/3 234/77/3 233/78/3 232/79/3 231/80/3 230/81/3 229/82/3 228/83/3 227/84/3 226/85/3 225/86/3 224/87/3 223/88/3 222/89/3 221/90/3 220/91/3 219/92/3 218/93/3 217/94/3 216/95/3 215/96/3 214/97/3 213/98/3 212/99/3 211/100/3 210/101/3 209/102/3 208/103/3 207/104/3 205/3/3 2134/105/3 2140/106/3 2148/107/3 2146/108/3 2138/109/3 2150/110/3 2142/111/3 2126/112/3 2162/113/3 2164/114/3 2178/115/3 2180/116/3 2172/117/3 2170/118/3 2166/119/3 2174/120/3 2184/121/3 2198/122/3 2196/123/3 2212/124/3 2214/125/3 2188/126/3 2190/127/3 2220/128/3 2210/129/3 2206/130/3 2186/131/3 2216/132/3 2218/133/3 2208/134/3 2192/135/3 2200/136/3 2204/137/3 2202/138/3 2194/139/3 2158/140/3 2182/141/3 2168/142/3 2176/143/3 2156/144/3 2152/145/3 2154/146/3 2159/147/3 2131/148/3 2127/149/3 2123/150/3 2121/151/3 2119/152/3 2129/153/3 2143/154/3 2135/155/3 813/3/3 815/104/3 816/103/3 817/102/3 818/101/3 819/100/3 820/99/3 821/98/3 822/97/3 823/96/3 824/95/3 825/94/3 826/93/3 827/92/3 828/91/3 829/90/3 830/89/3 831/88/3 832/87/3 833/86/3 834/85/3 835/84/3 836/83/3 837/82/3 838/81/3 839/80/3 840/79/3 841/78/3 842/77/3 843/76/3 844/75/3 845/74/3 846/73/3 847/72/3 848/71/3 849/70/3 850/69/3 851/68/3 852/67/3 853/66/3 854/65/3 855/64/3 856/63/3 857/62/3 858/61/3 859/60/3 860/59/3 861/58/3 862/57/3 863/56/3 864/55/3 865/54/3 866/53/3 867/52/3 868/51/3 869/50/3 870/49/3 871/48/3 872/47/3 873/46/3 874/45/3 875/44/3 876/43/3 877/42/3 878/41/3 879/40/3 880/39/3 881/38/3 882/37/3 883/36/3 884/35/3 885/34/3 886/33/3 887/32/3 888/31/3 889/30/3 890/29/3 891/28/3 892/27/3 893/26/3 894/25/3 895/24/3 896/23/3 897/22/3 898/21/3 899/20/3 900/19/3 901/18/3 902/17/3 903/16/3 904/15/3 905/14/3 906/13/3 907/12/3 908/11/3 909/10/3 910/9/3 911/8/3 912/7/3 913/6/3 814/5/3
f 510/156/4 508/157/4 609/158/4 1116/157/4 1118/156/4
f 104/4/5 106/159/5 103/160/5 4/3/5
f 106/159/6 107/161/6 102/162/6 103/160/6
f 107/161/7 108/163/7 101/164/7 102/162/7
f 108/163/8 109/165/8 100/166/8 101/164/8
f 109/165/9 110/167/9 99/168/9 100/166/9
f 110/167/10 111/169/10 98/170/10 99/168/10
f 111/169/11 112/171/11 97/172/11 98/170/11
f 112/171/12 113/173/12 96/174/12 97/172/12
f 113/173/13 114/175/13 95/176/13 96/174/13
f 114/175/14 115/177/14 94/178/14 95/176/14
f 115/177/15 116/179/15 93/180/15 94/178/15
f 116/179/16 117/181/16 92/182/16 93/180/16
f 117/181/17 118/183/17 91/184/17 92/182/17
f 118/183/18 119/185/18 90/186/18 91/184/18
f 119/185/19 120/187/19 89/188/19 90/186/19
f 120/187/20 121/189/20 88/190/20 89/188/20
f 121/189/21 122/191/21 87/192/21 88/190/21
f 122/191/22 123/193/22 86/194/22 87/192/22
f 123/193/23 124/195/23 85/196/23 86/194/23
f 124/195/24 125/197/24 84/198/24 85/196/24
f 125/197/25 126/199/25 83/200/25 84/198/25
f 126/199/26 127/201/26 82/202/26 83/200/26
f 127/201/27 128/203/27 81/204/27 82/202/27
f 128/203/28 129/205/28 80/206/28 81/204/28
f 129/205/29 130/207/29 79/208/29 80/206/29
f 130/207/30 131/209/30 78/210/30 79/208/30
f 131/209/31 132/211/31 77/212/31 78/210/31
f 132/211/32 133/213/32 76/214/32 77/212/32
f 133/213/33 134/215/33 75/216/33 76/214/33
f 134/215/34 135/217/34 74/218/34 75/216/34
f 135/217/35 136/219/35 73/220/35 74/218/35
f 136/219/36 137/221/36 72/222/36 73/220/36
f 137/221/37 138/223/37 71/224/37 72/222/37
f 138/223/38 139/225/38 70/226/38 71/224/38
f 139/225/39 140/227/39 69/228/39 70/226/39
f 140/227/40 141/229/40 68/230/40 69/228/40
f 141/229/41 142/231/41 67/232/41 68/230/41
f 142/231/42 143/233/42 66/234/42 67/232/42
f 143/233/43 144/235/43 65/236/43 66/234/43
f 144/235/44 145/237/44 64/238/44 65/236/44
f 145/237/45 146/239/45 63/240/45 64/238/45
f 146/239/46 147/241/46 62/242/46 63/240/46
f 147/241/47 148/243/47 61/244/47 62/242/47
f 148/243/48 149/245/48 60/246/48 61/244/48
f 149/245/49 150/247/49 59/248/49 60/246/49
f 150/247/50 151/249/50 58/250/50 59/248/50
f 151/249/51 152/251/51 57/252/51 58/250/51
f 152/251/52 153/253/52 56/254/52 57/252/52
f 153/253/53 154/255/53 55/256/53 56/254/53
f 154/255/54 155/257/54 54/258/54 55/256/54
f 155/257/55 156/259/55 53/54/55 54/258/55
f 156/259/56 157/260/56 52/53/56 53/54/56
f 157/260/57 158/261/57 51/262/57 52/53/57
f 158/261/58 159/263/58 50/264/58 51/262/58
f 159/263/59 160/265/59 49/50/59 50/264/59
f 160/265/60 161/266/60 48/267/60 49/50/60
f 161/266/61 162/268/61 47/269/61 48/267/61
f 162/268/62 163/270/62 46/47/62 47/269/62
f 163/270/63 164/271/63 45/46/63 46/47/63
f 164/271/64 165/272/64 44/45/64 45/46/64
f 165/272/65 166/273/65 43/274/65 44/45/65
f 166/273/66 167/275/66 42/276/66 43/274/66
f 167/275/67 168/277/67 41/278/67 42/276/67
f 168/277/68 169/279/68 40/280/68 41/278/68
f 169/279/69 170/281/69 39/40/69 40/280/69
f 170/281/70 171/282/70 38/283/70 39/40/70
f 171/282/71 172/284/71 37/285/71 38/283/71
f 172/284/72 173/286/72 36/37/72 37/285/72
f 173/286/73 174/287/73 35/288/73 36/37/73
f 174/287/74 175/289/74 34/290/74 35/288/74
f 175/289/75 176/291/75 33/292/75 34/290/75
f 176/291/76 177/293/76 32/294/76 33/292/76
f 177/293/77 178/295/77 31/296/77 32/294/77
f 178/295/78 179/297/78 30/298/78 31/296/78
f 179/297/79 180/299/79 29/30/79 30/298/79
f 180/299/80 181/300/80 28/301/80 29/30/80
f 181/300/81 182/302/81 27/303/81 28/301/81
f 182/302/82 183/304/82 26/305/82 27/303/82
f 183/304/83 184/306/83 25/307/83 26/305/83
f 184/306/84 185/308/84 24/309/84 25/307/84
f 185/308/85 186/310/85 23/311/85 24/309/85
f 186/310/86 187/312/86 22/313/86 23/311/86
f 187/312/87 188/314/87 21/22/87 22/313/87
f 188/314/88 189/315/88 20/316/88 21/22/88
f 189/315/89 190/317/89 19/20/89 20/316/89
f 190/317/90 191/318/90 18/319/90 19/20/90
f 191/318/91 192/320/91 17/18/91 18/319/91
f 192/320/92 193/321/92 16/17/92 17/18/92
f 193/321/93 194/322/93 15/323/93 16/17/93
f 194/322/94 195/324/94 14/325/94 15/323/94
f 195/324/95 196/326/95 13/327/95 14/325/95
f 196/326/96 197/328/96 12/13/96 13/327/96
f 197/328/97 198/329/97 11/12/97 12/13/97
f 198/329/98 199/330/98 10/11/98 11/12/98
f 199/330/99 200/331/99 9/10/99 10/11/99
f 200/331/100 201/332/100 8/9/100 9/10/100
f 201/332/101 202/333/101 7/334/101 8/9/101
f 202/333/102 203/335/102 6/7/102 7/334/102
f 203/335/103 204/336/103 5/6/103 6/7/103
f 204/336/104 105/337/104 3/5/104 5/6/104
f 306/1/105 308/338/105 305/339/105 206/2/105
f 308/338/106 309/340/106 304/341/106 305/339/106
f 309/340/107 310/342/107 303/343/107 304/341/107
f 310/342/108 311/344/108 302/345/108 303/343/108
f 311/344/109 312/346/109 301/347/109 302/345/109
f 312/346/110 313/348/110 300/349/110 301/347/110
f 313/348/111 314/350/111 299/351/111 300/349/111
f 314/350/112 315/352/112 298/353/112 299/351/112
f 315/352/113 316/354/113 297/355/113 298/353/113
f 316/354/114 317/356/114 296/357/114 297/355/114
f 317/356/115 318/358/115 295/359/115 296/357/115
f 318/358/116 319/360/116 294/361/116 295/359/116
f 319/360/117 320/362/117 293/363/117 294/361/117
f 320/362/118 321/364/118 292/365/118 293/363/118
f 321/364/119 322/366/119 291/367/119 292/365/119
f 322/366/120 323/368/120 290/369/120 291/367/120
f 323/368/121 324/370/121 289/371/121 290/369/121
f 324/370/122 325/372/122 288/373/122 289/371/122
f 325/372/123 326/374/123 287/375/123 288/373/123
f 326/374/124 327/376/124 286/377/124 287/375/124
f 327/376/125 328/378/125 285/379/125 286/377/125
f 328/378/126 329/380/126 284/381/126 285/379/126
f 329/380/127 330/382/127 283/383/127 284/381/127
f 330/382/128 331/384/128 282/385/128 283/383/128
f 331/384/129 332/386/129 281/387/129 282/385/129
f 332/386/130 333/388/130 280/389/130 281/387/130
f 333/388/131 334/390/131 279/391/131 280/389/131
f 334/390/132 335/392/132 278/393/132 279/391/132
f 335/392/133 336/394/133 277/395/133 278/393/133
f 336/394/134 337/396/134 276/397/134 277/395/134
f 337/396/135 338/398/135 275/399/135 276/397/135
f 338/398/136 339/400/136 274/401/136 275/399/136
f 339/400/137 340/402/137 273/403/137 274/401/137
f 340/402/138 341/404/138 272/405/138 273/403/138
f 341/404/139 342/406/139 271/407/139 272/405/139
f 342/406/140 343/408/140 270/409/140 271/407/140
f 343/408/141 344/410/141 269/411/141 270/409/141
f 344/410/142 345/412/142 268/413/142 269/411/142
f 345/412/143 346/414/143 267/415/143 268/413/143
f 346/414/144 347/416/144 266/417/144 267/415/144
f 347/416/145 348/418/145 265/419/145 266/417/145
f 348/418/146 349/420/146 264/421/146 265/419/146
f 349/420/147 350/422/147 263/423/147 264/421/147
f 350/422/148 351/424/148 262/425/148 263/423/148
f 351/424/149 352/426/149 261/427/149 262/425/149
f 352/426/150 353/428/150 260/429/150 261/427/150
f 353/428/151 354/430/151 259/431/151 260/429/151
f 354/430/152 355/432/152 258/433/152 259/431/152
f 355/432/153 356/434/153 257/435/153 258/433/153
f 356/434/154 357/4/154 256/3/154 257/435/154
f 357/4/155 358/4/155 255/3/155 256/3/155
f 358/4/156 359/4/156 254/3/156 255/3/156
f 359/4/157 360/4/157 253/3/157 254/3/157
f 360/4/158 361/4/158 252/3/158 253/3/158
f 361/4/159 362/4/159 251/3/159 252/3/159
f 362/4/160 363/4/160 250/436/160 251/3/160
f 363/4/161 364/4/161 249/3/161 250/436/161
f 364/4/162 365/4/162 248/3/162 249/3/162
f 365/4/163 366/4/163 247/3/163 248/3/163
f 366/4/164 367/4/164 246/3/164 247/3/164
f 367/4/165 368/4/165 245/3/165 246/3/165
f 368/4/166 369/4/166 244/437/166 245/3/166
f 369/4/167 370/4/167 243/3/167 244/437/167
f 370/4/168 371/4/168 242/3/168 243/3/168
f 371/4/169 372/4/169 241/3/169 242/3/169
f 372/4/170 373/4/170 240/437/170 241/3/170
f 373/4/171 374/4/171 239/3/171 240/437/171
f 374/4/172 375/4/172 238/3/172 239/3/172
f 375/4/173 376/4/173 237/3/173 238/3/173
f 376/4/174 377/4/174 236/3/174 237/3/174
f 377/4/175 378/4/175 235/3/175 236/3/175
f 378/4/176 379/4/176 234/3/176 235/3/176
f 379/4/177 380/4/177 233/3/177 234/3/177
f 380/4/178 381/4/178 232/3/178 233/3/178
f 381/4/179 382/4/179 231/438/179 232/3/179
f 382/4/180 383/4/180 230/437/180 231/438/180
f 383/4/181 384/4/181 229/3/181 230/437/181
f 384/4/182 385/4/182 228/3/182 229/3/182
f 385/4/183 386/4/183 227/3/183 228/3/183
f 386/4/184 387/4/184 226/437/184 227/3/184
f 387/4/185 388/4/185 225/438/185 226/437/185
f 388/4/186 389/4/186 224/3/186 225/438/186
f 389/4/187 390/4/187 223/438/187 224/3/187
f 390/4/188 391/4/188 222/3/188 223/438/188
f 391/4/189 392/4/189 221/439/189 222/3/189
f 392/4/190 393/4/190 220/3/190 221/439/190
f 393/4/191 394/4/191 219/3/191 220/3/191
f 394/4/192 395/4/192 218/3/192 219/3/192
f 395/4/193 396/4/193 217/3/193 218/3/193
f 396/4/194 397/4/194 216/3/194 217/3/194
f 397/4/195 398/4/195 215/3/195 216/3/195
f 398/4/196 399/4/196 214/3/196 215/3/196
f 399/4/197 400/4/197 213/3/197 214/3/197
f 400/4/198 401/4/198 212/3/198 213/3/198
f 401/4/199 402/4/199 211/3/199 212/3/199
f 402/4/200 403/4/200 210/3/200 211/3/200
f 403/4/201 404/4/201 209/437/201 210/3/201
f 404/4/202 405/4/202 208/3/202 209/437/202
f 405/4/203 406/4/203 207/3/203 208/3/203
f 406/4/204 307/4/204 205/3/204 207/3/204
f 511/440/205 510/156/205 1118/156/205 1119/440/205
f 512/441/206 511/440/206 1119/440/206 1120/441/206
f 513/442/207 512/441/207 1120/441/207 1121/442/207
f 514/443/208 513/442/208 1121/442/208 1122/443/208
f 515/444/209 514/443/209 1122/443/209 1123/444/209
f 516/445/210 515/444/210 1123/444/210 1124/445/210
f 517/446/211 516/445/211 1124/445/211 1125/446/211
f 518/447/212 517/446/212 1125/446/212 1126/447/212
f 519/448/213 518/447/213 1126/447/213 1127/448/213
f 520/449/214 519/448/214 1127/448/214 1128/449/214
f 521/450/215 520/449/215 1128/449/215 1129/450/215
f 522/451/216 521/450/216 1129/450/216 1130/451/216
f 523/452/217 522/451/217 1130/451/217 1131/452/217
f 524/453/218 523/452/218 1131/452/218 1132/453/218
f 525/454/219 524/453/219 1132/453/219 1133/454/219
f 526/455/220 525/454/220 1133/454/220 1134/455/220
f 527/456/221 526/455/221 1134/455/221 1135/456/221
f 528/457/222 527/456/222 1135/456/222 1136/457/222
f 529/458/223 528/457/223 1136/457/223 1137/458/223
f 530/459/224 529/458/224 1137/458/224 1138/459/224
f 531/460/225 530/459/225 1138/459/225 1139/460/225
f 532/461/226 531/460/226 1139/460/226 1140/461/226
f 533/462/227 532/461/227 1140/461/227 1141/462/227
f 534/463/228 533/462/228 1141/462/228 1142/463/228
f 535/464/229 534/463/229 1142/463/229 1143/464/229
f 536/465/230 535/464/230 1143/464/230 1144/465/230
f 537/466/231 536/465/231 1144/465/231 1145/466/231
f 538/467/232 537/466/232 1145/466/232 1146/467/232
f 539/468/233 538/467/233 1146/467/233 1147/468/233
f 540/469/234 539/468/234 1147/468/234 1148/469/234
f 541/470/235 540/469/235 1148/469/235 1149/470/235
f 542/471/236 541/470/236 1149/470/236 1150/471/236
f 543/472/237 542/471/237 1150/471/237 1151/472/237
f 544/473/238 543/472/238 1151/472/238 1152/473/238
f 545/474/239 544/473/239 1152/473/239 1153/474/239
f 546/475/240 545/474/240 1153/474/240 1154/475/240
f 547/476/241 546/475/241 1154/475/241 1155/476/241
f 548/477/242 547/476/242 1155/476/242 1156/477/242
f 549/478/243 548/477/243 1156/477/243 1157/478/243
f 550/479/244 549/478/244 1157/478/244 1158/479/244
f 551/480/245 550/479/245 1158/479/245 1159/480/245
f 552/481/246 551/480/246 1159/480/246 1160/481/246
f 553/482/247 552/481/247 1160/481/247 1161/482/247
f 554/483/248 553/482/248 1161/482/248 1162/483/248
f 555/484/249 554/483/249 1162/483/249 1163/484/249
f 556/485/250 555/484/250 1163/484/250 1164/485/250
f 557/486/251 556/485/251 1164/485/251 1165/486/251
f 558/487/252 557/486/252 1165/486/252 1166/487/252
f 559/4/253 558/487/253 1166/487/253 1167/4/253
f 560/488/254 559/4/254 1167/4/254 1168/488/254
f 561/489/255 560/488/255 1168/488/255 1169/489/255
f 562/490/256 561/489/256 1169/489/256 1170/490/256
f 563/491/257 562/490/257 1170/490/257 1171/491/257
f 564/492/258 563/491/258 1171/491/258 1172/492/258
f 565/493/259 564/492/259 1172/492/259 1173/493/259
f 566/494/260 565/493/260 1173/493/260 1174/494/260
f 567/495/261 566/494/261 1174/494/261 1175/495/261
f 568/496/262 567/495/262 1175/495/262 1176/496/262
f 569/497/263 568/496/263 1176/496/263 1177/497/263
f 570/498/264 569/497/264 1177/497/264 1178/498/264
f 571/499/265 570/498/265 1178/498/265 1179/499/265
f 572/500/266 571/499/266 1179/499/266 1180/500/266
f 573/501/267 572/500/267 1180/500/267 1181/501/267
f 574/502/268 573/501/268 1181/501/268 1182/502/268
f 575/503/269 574/502/269 1182/502/269 1183/503/269
f 576/504/270 575/503/270 1183/503/270 1184/504/270
f 577/505/271 576/504/271 1184/504/271 1185/505/271
f 578/506/272 577/505/272 1185/505/272 1186/506/272
f 579/507/273 578/506/273 1186/506/273 1187/507/273
f 580/508/274 579/507/274 1187/507/274 1188/508/274
f 581/509/275 580/508/275 1188/508/275 1189/509/275
f 582/510/276 581/509/276 1189/509/276 1190/510/276
f 583/511/277 582/510/277 1190/510/277 1191/511/277
f 584/512/278 583/511/278 1191/511/278 1192/512/278
f 585/513/279 584/512/279 1192/512/279 1193/513/279
f 586/514/280 585/513/280 1193/513/280 1194/514/280
f 587/515/281 586/514/281 1194/514/281 1195/515/281
f 588/516/282 587/515/282 1195/515/282 1196/516/282
f 589/517/283 588/516/283 1196/516/283 1197/517/283
f 590/518/284 589/517/284 1197/517/284 1198/518/284
f 591/519/285 590/518/285 1198/518/285 1199/519/285
f 592/520/286 591/519/286 1199/519/286 1200/520/286
f 593/521/287 592/520/287 1200/520/287 1201/521/287
f 594/522/288 593/521/288 1201/521/288 1202/522/288
f 595/523/289 594/522/289 1202/522/289 1203/523/289
f 596/524/290 595/523/290 1203/523/290 1204/524/290
f 597/525/291 596/524/291 1204/524/291 1205/525/291
f 598/526/292 597/525/292 1205/525/292 1206/526/292
f 599/527/293 598/526/293 1206/526/293 1207/527/293
f 600/528/294 599/527/294 1207/527/294 1208/528/294
f 601/529/295 600/528/295 1208/528/295 1209/529/295
f 602/530/296 601/529/296 1209/529/296 1210/530/296
f 603/531/297 602/530/297 1210/530/297 1211/531/297
f 604/532/298 603/531/298 1211/531/298 1212/532/298
f 605/533/299 604/532/299 1212/532/299 1213/533/299
f 606/534/300 605/533/300 1213/533/300 1214/534/300
f 607/535/301 606/534/301 1214/534/301 1215/535/301
f 608/536/302 607/535/302 1215/535/302 1216/536/302
f 509/537/303 608/536/303 1216/536/303 1117/537/303
f 1015/538/304 610/539/304 407/538/304 409/540/304 1017/540/304
f 508/157/305 510/156/305 409/540/305 407/538/305
f 510/156/306 511/440/306 410/541/306 409/540/306
f 511/440/307 512/441/307 411/542/307 410/541/307
f 512/441/308 513/442/308 412/543/308 411/542/308
f 513/442/309 514/443/309 413/544/309 412/543/309
f 514/443/310 515/444/310 414/545/310 413/544/310
f 515/444/311 516/445/311 415/546/311 414/545/311
f 516/445/312 517/446/312 416/547/312 415/546/312
f 517/446/313 518/447/313 417/548/313 416/547/313
f 518/447/314 519/448/314 418/549/314 417/548/314
f 519/448/315 520/449/315 419/550/315 418/549/315
f 520/449/316 521/450/316 420/551/316 419/550/316
f 521/450/317 522/451/317 421/552/317 420/551/317
f 522/451/318 523/452/318 422/553/318 421/552/318
f 523/452/319 524/453/319 423/554/319 422/553/319
f 524/453/320 525/454/320 424/555/320 423/554/320
f 525/454/321 526/455/321 425/556/321 424/555/321
f 526/455/322 527/456/322 426/557/322 425/556/322
f 527/456/323 528/457/323 427/558/323 426/557/323
f 528/457/324 529/458/324 428/559/324 427/558/324
f 529/458/325 530/459/325 429/560/325 428/559/325
f 530/459/326 531/460/326 430/561/326 429/560/326
f 531/460/327 532/461/327 431/562/327 430/561/327
f 532/461/328 533/462/328 432/563/328 431/562/328
f 533/462/329 534/463/329 433/564/329 432/563/329
f 534/463/330 535/464/330 434/565/330 433/564/330
f 535/464/331 536/465/331 435/566/331 434/565/331
f 536/465/332 537/466/332 436/567/332 435/566/332
f 537/466/333 538/467/333 437/568/333 436/567/333
f 538/467/334 539/468/334 438/569/334 437/568/334
f 539/468/335 540/469/335 439/570/335 438/569/335
f 540/469/336 541/470/336 440/571/336 439/570/336
f 541/470/337 542/471/337 441/572/337 440/571/337
f 542/471/338 543/472/338 442/573/338 441/572/338
f 543/472/339 544/473/339 443/574/339 442/573/339
f 544/473/340 545/474/340 444/575/340 443/574/340
f 545/474/341 546/475/341 445/576/341 444/575/341
f 546/475/342 547/476/342 446/577/342 445/576/342
f 547/476/343 548/477/343 447/578/343 446/577/343
f 548/477/344 549/478/344 448/579/344 447/578/344
f 549/478/345 550/479/345 449/580/345 448/579/345
f 550/479/346 551/480/346 450/581/346 449/580/346
f 551/480/347 552/481/347 451/582/347 450/581/347
f 552/481/348 553/482/348 452/583/348 451/582/348
f 553/482/349 554/483/349 453/584/349 452/583/349
f 554/483/350 555/484/350 454/585/350 453/584/350
f 555/484/351 556/485/351 455/586/351 454/585/351
f 556/485/352 557/486/352 456/587/352 455/586/352
f 557/486/353 558/487/353 457/588/353 456/587/353
f 558/487/354 559/4/354 458/3/354 457/588/354
f 559/4/355 560/488/355 459/589/355 458/3/355
f 560/488/356 561/489/356 460/590/356 459/589/356
f 561/489/357 562/490/357 461/591/357 460/590/357
f 562/490/358 563/491/358 462/592/358 461/591/358
f 563/491/359 564/492/359 463/593/359 462/592/359
f 564/492/360 565/493/360 464/594/360 463/593/360
f 565/493/361 566/494/361 465/595/361 464/594/361
f 566/494/362 567/495/362 466/596/362 465/595/362
f 567/495/363 568/496/363 467/597/363 466/596/363
f 568/496/364 569/497/364 468/598/364 467/597/364
f 569/497/365 570/498/365 469/599/365 468/598/365
f 570/498/366 571/499/366 470/600/366 469/599/366
f 571/499/367 572/500/367 471/601/367 470/600/367
f 572/500/368 573/501/368 472/602/368 471/601/368
f 573/501/369 574/502/369 473/603/369 472/602/369
f 574/502/370 575/503/370 474/604/370 473/603/370
f 575/503/371 576/504/371 475/605/371 474/604/371
f 576/504/372 577/505/372 476/606/372 475/605/372
f 577/505/373 578/506/373 477/607/373 476/606/373
f 578/506/374 579/507/374 478/608/374 477/607/374
f 579/507/375 580/508/375 479/609/375 478/608/375
f 580/508/376 581/509/376 480/610/376 479/609/376
f 581/509/377 582/510/377 481/611/377 480/610/377
f 582/510/378 583/511/378 482/612/378 481/611/378
f 583/511/379 584/512/379 483/613/379 482/612/379
f 584/512/380 585/513/380 484/614/380 483/613/380
f 585/513/381 586/514/381 485/615/381 484/614/381
f 586/514/382 587/515/382 486/616/382 485/615/382
f 587/515/383 588/516/383 487/617/383 486/616/383
f 588/516/384 589/517/384 488/618/384 487/617/384
f 589/517/385 590/518/385 489/619/385 488/618/385
f 590/518/386 591/519/386 490/620/386 489/619/386
f 591/519/387 592/520/387 491/621/387 490/620/387
f 592/520/388 593/521/388 492/622/388 491/621/388
f 593/521/389 594/522/389 493/623/389 492/622/389
f 594/522/390 595/523/390 494/624/390 493/623/390
f 595/523/391 596/524/391 495/625/391 494/624/391
f 596/524/392 597/525/392 496/626/392 495/625/392
f 597/525/393 598/526/393 497/627/393 496/626/393
f 598/526/394 599/527/394 498/628/394 497/627/394
f 599/527/395 600/528/395 499/629/395 498/628/395
f 600/528/396 601/529/396 500/630/396 499/629/396
f 601/529/397 602/530/397 501/631/397 500/630/397
f 602/530/398 603/531/398 502/632/398 501/631/398
f 603/531/399 604/532/399 503/633/399 502/632/399
f 604/532/400 605/533/400 504/634/400 503/633/400
f 605/533/401 606/534/401 505/635/401 504/634/401
f 606/534/402 607/535/402 506/636/402 505/635/402
f 607/535/403 608/536/403 507/637/403 506/636/403
f 608/536/404 509/537/404 408/638/404 507/637/404
f 1017/540/405 409/540/405 410/541/405 1018/541/405
f 1018/541/406 410/541/406 411/542/406 1019/542/406
f 1019/542/407 411/542/407 412/543/407 1020/543/407
f 1020/543/408 412/543/408 413/544/408 1021/544/408
f 1021/544/409 413/544/409 414/545/409 1022/545/409
f 1022/545/410 414/545/410 415/546/410 1023/546/410
f 1023/546/411 415/546/411 416/547/411 1024/547/411
f 1024/547/412 416/547/412 417/548/412 1025/548/412
f 1025/548/413 417/548/413 418/549/413 1026/549/413
f 1026/549/414 418/549/414 419/550/414 1027/550/414
f 1027/550/415 419/550/415 420/551/415 1028/551/415
f 1028/551/416 420/551/416 421/552/416 1029/552/416
f 1029/552/417 421/552/417 422/553/417 1030/553/417
f 1030/553/418 422/553/418 423/554/418 1031/554/418
f 1031/554/419 423/554/419 424/555/419 1032/555/419
f 1032/555/420 424/555/420 425/556/420 1033/556/420
f 1033/556/421 425/556/421 426/557/421 1034/557/421
f 1034/557/422 426/557/422 427/558/422 1035/558/422
f 1035/558/423 427/558/423 428/559/423 1036/559/423
f 1036/559/424 428/559/424 429/560/424 1037/560/424
f 1037/560/425 429/560/425 430/561/425 1038/561/425
f 1038/561/426 430/561/426 431/562/426 1039/562/426
f 1039/562/427 431/562/427 432/563/427 1040/563/427
f 1040/563/428 432/563/428 433/564/428 1041/564/428
f 1041/564/429 433/564/429 434/565/429 1042/565/429
f 1042/565/430 434/565/430 435/566/430 1043/566/430
f 1043/566/431 435/566/431 436/567/431 1044/567/431
f 1044/567/432 436/567/432 437/568/432 1045/568/432
f 1045/568/433 437/568/433 438/569/433 1046/569/433
f 1046/569/434 438/569/434 439/570/434 1047/570/434
f 1047/570/435 439/570/435 440/571/435 1048/571/435
f 1048/571/436 440/571/436 441/572/436 1049/572/436
f 1049/572/437 441/572/437 442/573/437 1050/573/437
f 1050/573/438 442/573/438 443/574/438 1051/574/438
f 1051/574/439 443/574/439 444/575/439 1052/575/439
f 1052/575/440 444/575/440 445/576/440 1053/576/440
f 1053/576/441 445/576/441 446/577/441 1054/577/441
f 1054/577/442 446/577/442 447/578/442 1055/578/442
f 1055/578/443 447/578/443 448/579/443 1056/579/443
f 1056/579/444 448/579/444 449/580/444 1057/580/444
f 1057/580/445 449/580/445 450/581/445 1058/581/445
f 1058/581/446 450/581/446 451/582/446 1059/582/446
f 1059/582/447 451/582/447 452/583/447 1060/583/447
f 1060/583/448 452/583/448 453/584/448 1061/584/448
f 1061/584/449 453/584/449 454/585/449 1062/585/449
f 1062/585/450 454/585/450 455/586/450 1063/586/450
f 1063/586/451 455/586/451 456/587/451 1064/587/451
f 1064/587/452 456/587/452 457/588/452 1065/588/452
f 1065/588/453 457/588/453 458/3/453 1066/3/453
f 1066/3/454 458/3/454 459/589/454 1067/589/454
f 1067/589/455 459/589/455 460/590/455 1068/590/455
f 1068/590/456 460/590/456 461/591/456 1069/591/456
f 1069/591/457 461/591/457 462/592/457 1070/592/457
f 1070/592/458 462/592/458 463/593/458 1071/593/458
f 1071/593/459 463/593/459 464/594/459 1072/594/459
f 1072/594/460 464/594/460 465/595/460 1073/595/460
f 1073/595/461 465/595/461 466/596/461 1074/596/461
f 1074/596/462 466/596/462 467/597/462 1075/597/462
f 1075/597/463 467/597/463 468/598/463 1076/598/463
f 1076/598/464 468/598/464 469/599/464 1077/599/464
f 1077/599/465 469/599/465 470/600/465 1078/600/465
f 1078/600/466 470/600/466 471/601/466 1079/601/466
f 1079/601/467 471/601/467 472/602/467 1080/602/467
f 1080/602/468 472/602/468 473/603/468 1081/603/468
f 1081/603/469 473/603/469 474/604/469 1082/604/469
f 1082/604/470 474/604/470 475/605/470 1083/605/470
f 1083/605/471 475/605/471 476/606/471 1084/606/471
f 1084/606/472 476/606/472 477/607/472 1085/607/472
f 1085/607/473 477/607/473 478/608/473 1086/608/473
f 1086/608/474 478/608/474 479/609/474 1087/609/474
f 1087/609/475 479/609/475 480/610/475 1088/610/475
f 1088/610/476 480/610/476 481/611/476 1089/611/476
f 1089/611/477 481/611/477 482/612/477 1090/612/477
f 1090/612/478 482/612/478 483/613/478 1091/613/478
f 1091/613/479 483/613/479 484/614/479 1092/614/479
f 1092/614/480 484/614/480 485/615/480 1093/615/480
f 1093/615/481 485/615/481 486/616/481 1094/616/481
f 1094/616/482 486/616/482 487/617/482 1095/617/482
f 1095/617/483 487/617/483 488/618/483 1096/618/483
f 1096/618/484 488/618/484 489/619/484 1097/619/484
f 1097/619/485 489/619/485 490/620/485 1098/620/485
f 1098/620/486 490/620/486 491/621/486 1099/621/486
f 1099/621/487 491/621/487 492/622/487 1100/622/487
f 1100/622/488 492/622/488 493/623/488 1101/623/488
f 1101/623/489 493/623/489 494/624/489 1102/624/489
f 1102/624/490 494/624/490 495/625/490 1103/625/490
f 1103/625/491 495/625/491 496/626/491 1104/626/491
f 1104/626/492 496/626/492 497/627/492 1105/627/492
f 1105/627/493 497/627/493 498/628/493 1106/628/493
f 1106/628/494 498/628/494 499/629/494 1107/629/494
f 1107/629/495 499/629/495 500/630/495 1108/630/495
f 1108/630/496 500/630/496 501/631/496 1109/631/496
f 1109/631/497 501/631/497 502/632/497 1110/632/497
f 1110/632/498 502/632/498 503/633/498 1111/633/498
f 1111/633/499 503/633/499 504/634/499 1112/634/499
f 1112/634/500 504/634/500 505/635/500 1113/635/500
f 1113/635/501 505/635/501 506/636/501 1114/636/501
f 1114/636/502 506/636/502 507/637/502 1115/637/502
f 1115/637/503 507/637/503 408/638/503 1016/638/503
f 508/157/504 407/538/504 610/539/504 2/639/504 3/5/504 105/337/504 1/158/504 609/158/504
f 612/3/505 712/4/505 915/4/505 813/3/505
f 712/4/506 612/3/506 711/160/506 714/159/506
f 714/159/507 711/160/507 710/162/507 715/161/507
f 715/161/508 710/162/508 709/164/508 716/163/508
f 716/163/509 709/164/509 708/166/509 717/165/509
f 717/165/510 708/166/510 707/168/510 718/167/510
f 718/167/511 707/168/511 706/170/511 719/169/511
f 719/169/512 706/170/512 705/172/512 720/171/512
f 720/171/513 705/172/513 704/174/513 721/173/513
f 721/173/514 704/174/514 703/176/514 722/175/514
f 722/175/515 703/176/515 702/178/515 723/177/515
f 723/177/516 702/178/516 701/180/516 724/179/516
f 724/179/517 701/180/517 700/182/517 725/181/517
f 725/181/518 700/182/518 699/184/518 726/183/518
f 726/183/519 699/184/519 698/186/519 727/185/519
f 727/185/520 698/186/520 697/188/520 728/187/520
f 728/187/521 697/188/521 696/190/521 729/189/521
f 729/189/522 696/190/522 695/192/522 730/191/522
f 730/191/523 695/192/523 694/194/523 731/193/523
f 731/193/524 694/194/524 693/196/524 732/195/524
f 732/195/525 693/196/525 692/198/525 733/197/525
f 733/197/526 692/198/526 691/200/526 734/199/526
f 734/199/527 691/200/527 690/202/527 735/201/527
f 735/201/528 690/202/528 689/204/528 736/203/528
f 736/203/529 689/204/529 688/206/529 737/205/529
f 737/205/530 688/206/530 687/208/530 738/207/530
f 738/207/531 687/208/531 686/210/531 739/209/531
f 739/209/532 686/210/532 685/212/532 740/211/532
f 740/211/533 685/212/533 684/214/533 741/213/533
f 741/213/534 684/214/534 683/216/534 742/215/534
f 742/215/535 683/216/535 682/218/535 743/217/535
f 743/217/536 682/218/536 681/220/536 744/219/536
f 744/219/537 681/220/537 680/222/537 745/221/537
f 745/221/538 680/222/538 679/224/538 746/223/538
f 746/223/539 679/224/539 678/226/539 747/225/539
f 747/225/540 678/226/540 677/228/540 748/227/540
f 748/227/541 677/228/541 676/230/541 749/229/541
f 749/229/542 676/230/542 675/232/542 750/231/542
f 750/231/543 675/232/543 674/234/543 751/233/543
f 751/233/544 674/234/544 673/236/544 752/235/544
f 752/235/545 673/236/545 672/238/545 753/237/545
f 753/237/546 672/238/546 671/240/546 754/239/546
f 754/239/547 671/240/547 670/242/547 755/241/547
f 755/241/548 670/242/548 669/244/548 756/243/548
f 756/243/549 669/244/549 668/246/549 757/245/549
f 757/245/550 668/246/550 667/248/550 758/247/550
f 758/247/551 667/248/551 666/250/551 759/249/551
f 759/249/552 666/250/552 665/252/552 760/251/552
f 760/251/553 665/252/553 664/254/553 761/253/553
f 761/253/554 664/254/554 663/256/554 762/255/554
f 762/255/555 663/256/555 662/258/555 763/257/555
f 763/257/556 662/258/556 661/54/556 764/259/556
f 764/259/557 661/54/557 660/53/557 765/260/557
f 765/260/558 660/53/558 659/262/558 766/261/558
f 766/261/559 659/262/559 658/264/559 767/263/559
f 767/263/560 658/264/560 657/50/560 768/265/560
f 768/265/561 657/50/561 656/267/561 769/266/561
f 769/266/562 656/267/562 655/269/562 770/268/562
f 770/268/563 655/269/563 654/47/563 771/270/563
f 771/270/564 654/47/564 653/46/564 772/271/564
f 772/271/565 653/46/565 652/45/565 773/272/565
f 773/272/566 652/45/566 651/274/566 774/273/566
f 774/273/567 651/274/567 650/276/567 775/275/567
f 775/275/568 650/276/568 649/278/568 776/277/568
f 776/277/569 649/278/569 648/280/569 777/279/569
f 777/279/570 648/280/570 647/40/570 778/281/570
f 778/281/571 647/40/571 646/283/571 779/282/571
f 779/282/572 646/283/572 645/285/572 780/284/572
f 780/284/573 645/285/573 644/37/573 781/286/573
f 781/286/574 644/37/574 643/288/574 782/287/574
f 782/287/575 643/288/575 642/290/575 783/289/575
f 783/289/576 642/290/576 641/292/576 784/291/576
f 784/291/577 641/292/577 640/294/577 785/293/577
f 785/293/578 640/294/578 639/296/578 786/295/578
f 786/295/579 639/296/579 638/298/579 787/297/579
f 787/297/580 638/298/580 637/30/580 788/299/580
f 788/299/581 637/30/581 636/301/581 789/300/581
f 789/300/582 636/301/582 635/303/582 790/302/582
f 790/302/583 635/303/583 634/305/583 791/304/583
f 791/304/584 634/305/584 633/307/584 792/306/584
f 792/306/585 633/307/585 632/309/585 793/308/585
f 793/308/586 632/309/586 631/311/586 794/310/586
f 794/310/587 631/311/587 630/313/587 795/312/587
f 795/312/588 630/313/588 629/22/588 796/314/588
f 796/314/589 629/22/589 628/316/589 797/315/589
f 797/315/590 628/316/590 627/20/590 798/317/590
f 798/317/591 627/20/591 626/319/591 799/318/591
f 799/318/592 626/319/592 625/18/592 800/320/592
f 800/320/593 625/18/593 624/17/593 801/321/593
f 801/321/594 624/17/594 623/323/594 802/322/594
f 802/322/595 623/323/595 622/325/595 803/324/595
f 803/324/596 622/325/596 621/327/596 804/326/596
f 804/326/597 621/327/597 620/13/597 805/328/597
f 805/328/598 620/13/598 619/12/598 806/329/598
f 806/329/599 619/12/599 618/11/599 807/330/599
f 807/330/600 618/11/600 617/10/600 808/331/600
f 808/331/601 617/10/601 616/9/601 809/332/601
f 809/332/602 616/9/602 615/334/602 810/333/602
f 810/333/603 615/334/603 614/7/603 811/335/603
f 811/335/604 614/7/604 613/6/604 812/336/604
f 812/336/605 613/6/605 611/5/605 713/337/605
f 914/1/606 814/2/606 913/339/606 916/338/606
f 916/338/607 913/339/607 912/341/607 917/340/607
f 917/340/608 912/341/608 911/343/608 918/342/608
f 918/342/609 911/343/609 910/345/609 919/344/609
f 919/344/610 910/345/610 909/347/610 920/346/610
f 920/346/611 909/347/611 908/349/611 921/348/611
f 921/348/612 908/349/612 907/351/612 922/350/612
f 922/350/613 907/351/613 906/353/613 923/352/613
f 923/352/614 906/353/614 905/355/614 924/354/614
f 924/354/615 905/355/615 904/357/615 925/356/615
f 925/356/616 904/357/616 903/359/616 926/358/616
f 926/358/617 903/359/617 902/361/617 927/360/617
f 927/360/618 902/361/618 901/363/618 928/362/618
f 928/362/619 901/363/619 900/365/619 929/364/619
f 929/364/620 900/365/620 899/367/620 930/366/620
f 930/366/621 899/367/621 898/369/621 931/368/621
f 931/368/622 898/369/622 897/371/622 932/370/622
f 932/370/623 897/371/623 896/373/623 933/372/623
f 933/372/624 896/373/624 895/375/624 934/374/624
f 934/374/625 895/375/625 894/377/625 935/376/625
f 935/376/626 894/377/626 893/379/626 936/378/626
f 936/378/627 893/379/627 892/381/627 937/380/627
f 937/380/628 892/381/628 891/383/628 938/382/628
f 938/382/629 891/383/629 890/385/629 939/384/629
f 939/384/630 890/385/630 889/387/630 940/386/630
f 940/386/631 889/387/631 888/389/631 941/388/631
f 941/388/632 888/389/632 887/391/632 942/390/632
f 942/390/633 887/391/633 886/393/633 943/392/633
f 943/392/634 886/393/634 885/395/634 944/394/634
f 944/394/635 885/395/635 884/397/635 945/396/635
f 945/396/636 884/397/636 883/399/636 946/398/636
f 946/398/637 883/399/637 882/401/637 947/400/637
f 947/400/638 882/401/638 881/403/638 948/402/638
f 948/402/639 881/403/639 880/405/639 949/404/639
f 949/404/640 880/405/640 879/407/640 950/406/640
f 950/406/641 879/407/641 878/409/641 951/408/641
f 951/408/642 878/409/642 877/411/642 952/410/642
f 952/410/643 877/411/643 876/413/643 953/412/643
f 953/412/644 876/413/644 875/415/644 954/414/644
f 954/414/645 875/415/645 874/417/645 955/416/645
f 955/416/646 874/417/646 873/419/646 956/418/646
f 956/418/647 873/419/647 872/421/647 957/420/647
f 957/420/648 872/421/648 871/423/648 958/422/648
f 958/422/649 871/423/649 870/425/649 959/424/649
f 959/424/650 870/425/650 869/427/650 960/426/650
f 960/426/651 869/427/651 868/429/651 961/428/651
f 961/428/652 868/429/652 867/431/652 962/430/652
f 962/430/653 867/431/653 866/433/653 963/432/653
f 963/432/654 866/433/654 865/435/654 964/434/654
f 964/434/655 865/435/655 864/3/655 965/4/655
f 965/4/656 864/3/656 863/3/656 966/4/656
f 966/4/657 863/3/657 862/3/657 967/4/657
f 967/4/658 862/3/658 861/3/658 968/4/658
f 968/4/659 861/3/659 860/3/659 969/4/659
f 969/4/660 860/3/660 859/3/660 970/4/660
f 970/4/661 859/3/661 858/436/661 971/4/661
f 971/4/662 858/436/662 857/3/662 972/4/662
f 972/4/663 857/3/663 856/3/663 973/4/663
f 973/4/664 856/3/664 855/3/664 974/4/664
f 974/4/665 855/3/665 854/3/665 975/4/665
f 975/4/666 854/3/666 853/3/666 976/4/666
f 976/4/667 853/3/667 852/437/667 977/4/667
f 977/4/668 852/437/668 851/3/668 978/4/668
f 978/4/669 851/3/669 850/3/669 979/4/669
f 979/4/670 850/3/670 849/3/670 980/4/670
f 980/4/671 849/3/671 848/437/671 981/4/671
f 981/4/672 848/437/672 847/3/672 982/4/672
f 982/4/673 847/3/673 846/3/673 983/4/673
f 983/4/674 846/3/674 845/3/674 984/4/674
f 984/4/675 845/3/675 844/3/675 985/4/675
f 985/4/676 844/3/676 843/3/676 986/4/676
f 986/4/677 843/3/677 842/3/677 987/4/677
f 987/4/678 842/3/678 841/3/678 988/4/678
f 988/4/679 841/3/679 840/3/679 989/4/679
f 989/4/680 840/3/680 839/438/680 990/4/680
f 990/4/681 839/438/681 838/437/681 991/4/681
f 991/4/682 838/437/682 837/3/682 992/4/682
f 992/4/683 837/3/683 836/3/683 993/4/683
f 993/4/684 836/3/684 835/3/684 994/4/684
f 994/4/685 835/3/685 834/437/685 995/4/685
f 995/4/686 834/437/686 833/438/686 996/4/686
f 996/4/687 833/438/687 832/3/687 997/4/687
f 997/4/688 832/3/688 831/438/688 998/4/688
f 998/4/689 831/438/689 830/3/689 999/4/689
f 999/4/690 830/3/690 829/439/690 1000/4/690
f 1000/4/691 829/439/691 828/3/691 1001/4/691
f 1001/4/692 828/3/692 827/3/692 1002/4/692
f 1002/4/693 827/3/693 826/3/693 1003/4/693
f 1003/4/694 826/3/694 825/3/694 1004/4/694
f 1004/4/695 825/3/695 824/3/695 1005/4/695
f 1005/4/696 824/3/696 823/3/696 1006/4/696
f 1006/4/697 823/3/697 822/3/697 1007/4/697
f 1007/4/698 822/3/698 821/3/698 1008/4/698
f 1008/4/699 821/3/699 820/3/699 1009/4/699
f 1009/4/700 820/3/700 819/3/700 1010/4/700
f 1010/4/701 819/3/701 818/3/701 1011/4/701
f 1011/4/702 818/3/702 817/437/702 1012/4/702
f 1012/4/703 817/437/703 816/3/703 1013/4/703
f 1013/4/704 816/3/704 815/3/704 1014/4/704
f 1014/4/705 815/3/705 813/3/705 915/4/705
f 1116/157/706 1015/538/706 1017/540/706 1118/156/706
f 1118/156/707 1017/540/707 1018/541/707 1119/440/707
f 1119/440/708 1018/541/708 1019/542/708 1120/441/708
f 1120/441/709 1019/542/709 1020/543/709 1121/442/709
f 1121/442/710 1020/543/710 1021/544/710 1122/443/710
f 1122/443/711 1021/544/711 1022/545/711 1123/444/711
f 1123/444/712 1022/545/712 1023/546/712 1124/445/712
f 1124/445/713 1023/546/713 1024/547/713 1125/446/713
f 1125/446/714 1024/547/714 1025/548/714 1126/447/714
f 1126/447/715 1025/548/715 1026/549/715 1127/448/715
f 1127/448/716 1026/549/716 1027/550/716 1128/449/716
f 1128/449/717 1027/550/717 1028/551/717 1129/450/717
f 1129/450/718 1028/551/718 1029/552/718 1130/451/718
f 1130/451/719 1029/552/719 1030/553/719 1131/452/719
f 1131/452/720 1030/553/720 1031/554/720 1132/453/720
f 1132/453/721 1031/554/721 1032/555/721 1133/454/721
f 1133/454/722 1032/555/722 1033/556/722 1134/455/722
f 1134/455/723 1033/556/723 1034/557/723 1135/456/723
f 1135/456/724 1034/557/724 1035/558/724 1136/457/724
f 1136/457/725 1035/558/725 1036/559/725 1137/458/725
f 1137/458/726 1036/559/726 1037/560/726 1138/459/726
f 1138/459/727 1037/560/727 1038/561/727 1139/460/727
f 1139/460/728 1038/561/728 1039/562/728 1140/461/728
f 1140/461/729 1039/562/729 1040/563/729 1141/462/729
f 1141/462/730 1040/563/730 1041/564/730 1142/463/730
f 1142/463/731 1041/564/731 1042/565/731 1143/464/731
f 1143/464/732 1042/565/732 1043/566/732 1144/465/732
f 1144/465/733 1043/566/733 1044/567/733 1145/466/733
f 1145/466/734 1044/567/734 1045/568/734 1146/467/734
f 1146/467/735 1045/568/735 1046/569/735 1147/468/735
f 1147/468/736 1046/569/736 1047/570/736 1148/469/736
f 1148/469/737 1047/570/737 1048/571/737 1149/470/737
f 1149/470/738 1048/571/738 1049/572/738 1150/471/738
f 1150/471/739 1049/572/739 1050/573/739 1151/472/739
f 1151/472/740 1050/573/740 1051/574/740 1152/473/740
f 1152/473/741 1051/574/741 1052/575/741 1153/474/741
f 1153/474/742 1052/575/742 1053/576/742 1154/475/742
f 1154/475/743 1053/576/743 1054/577/743 1155/476/743
f 1155/476/744 1054/577/744 1055/578/744 1156/477/744
f 1156/477/745 1055/578/745 1056/579/745 1157/478/745
f 1157/478/746 1056/579/746 1057/580/746 1158/479/746
f 1158/479/747 1057/580/747 1058/581/747 1159/480/747
f 1159/480/748 1058/581/748 1059/582/748 1160/481/748
f 1160/481/749 1059/582/749 1060/583/749 1161/482/749
f 1161/482/750 1060/583/750 1061/584/750 1162/483/750
f 1162/483/751 1061/584/751 1062/585/751 1163/484/751
f 1163/484/752 1062/585/752 1063/586/752 1164/485/752
f 1164/485/753 1063/586/753 1064/587/753 1165/486/753
f 1165/486/754 1064/587/754 1065/588/754 1166/487/754
f 1166/487/755 1065/588/755 1066/3/755 1167/4/755
f 1167/4/756 1066/3/756 1067/589/756 1168/488/756
f 1168/488/757 1067/589/757 1068/590/757 1169/489/757
f 1169/489/758 1068/590/758 1069/591/758 1170/490/758
f 1170/490/759 1069/591/759 1070/592/759 1171/491/759
f 1171/491/760 1070/592/760 1071/593/760 1172/492/760
f 1172/492/761 1071/593/761 1072/594/761 1173/493/761
f 1173/493/762 1072/594/762 1073/595/762 1174/494/762
f 1174/494/763 1073/595/763 1074/596/763 1175/495/763
f 1175/495/764 1074/596/764 1075/597/764 1176/496/764
f 1176/496/765 1075/597/765 1076/598/765 1177/497/765
f 1177/497/766 1076/598/766 1077/599/766 1178/498/766
f 1178/498/767 1077/599/767 1078/600/767 1179/499/767
f 1179/499/768 1078/600/768 1079/601/768 1180/500/768
f 1180/500/769 1079/601/769 1080/602/769 1181/501/769
f 1181/501/770 1080/602/770 1081/603/770 1182/502/770
f 1182/502/771 1081/603/771 1082/604/771 1183/503/771
f 1183/503/772 1082/604/772 1083/605/772 1184/504/772
f 1184/504/773 1083/605/773 1084/606/773 1185/505/773
f 1185/505/774 1084/606/774 1085/607/774 1186/506/774
f 1186/506/775 1085/607/775 1086/608/775 1187/507/775
f 1187/507/776 1086/608/776 1087/609/776 1188/508/776
f 1188/508/777 1087/609/777 1088/610/777 1189/509/777
f 1189/509/778 1088/610/778 1089/611/778 1190/510/778
f 1190/510/779 1089/611/779 1090/612/779 1191/511/779
f 1191/511/780 1090/612/780 1091/613/780 1192/512/780
f 1192/512/781 1091/613/781 1092/614/781 1193/513/781
f 1193/513/782 1092/614/782 1093/615/782 1194/514/782
f 1194/514/783 1093/615/783 1094/616/783 1195/515/783
f 1195/515/784 1094/616/784 1095/617/784 1196/516/784
f 1196/516/785 1095/617/785 1096/618/785 1197/517/785
f 1197/517/786 1096/618/786 1097/619/786 1198/518/786
f 1198/518/787 1097/619/787 1098/620/787 1199/519/787
f 1199/519/788 1098/620/788 1099/621/788 1200/520/788
f 1200/520/789 1099/621/789 1100/622/789 1201/521/789
f 1201/521/790 1100/622/790 1101/623/790 1202/522/790
f 1202/522/791 1101/623/791 1102/624/791 1203/523/791
f 1203/523/792 1102/624/792 1103/625/792 1204/524/792
f 1204/524/793 1103/625/793 1104/626/793 1205/525/793
f 1205/525/794 1104/626/794 1105/627/794 1206/526/794
f 1206/526/795 1105/627/795 1106/628/795 1207/527/795
f 1207/527/796 1106/628/796 1107/629/796 1208/528/796
f 1208/528/797 1107/629/797 1108/630/797 1209/529/797
f 1209/529/798 1108/630/798 1109/631/798 1210/530/798
f 1210/530/799 1109/631/799 1110/632/799 1211/531/799
f 1211/531/800 1110/632/800 1111/633/800 1212/532/800
f 1212/532/801 1111/633/801 1112/634/801 1213/533/801
f 1213/533/802 1112/634/802 1113/635/802 1214/534/802
f 1214/534/803 1113/635/803 1114/636/803 1215/535/803
f 1215/535/804 1114/636/804 1115/637/804 1216/536/804
f 1216/536/805 1115/637/805 1016/638/805 1117/537/805
f 1116/157/504 609/158/504 1/158/504 713/337/504 611/5/504 2/639/504 610/539/504 1015/538/504
f 1217/640/806 1218/641/806 1220/642/806 1219/643/806
f 1219/643/807 1220/642/807 1222/644/807 1221/645/807
f 1221/645/808 1222/644/808 1224/646/808 1223/647/808
f 1223/647/809 1224/646/809 1226/648/809 1225/649/809
f 1225/649/810 1226/648/810 1228/650/810 1227/651/810
f 1227/651/811 1228/650/811 1230/652/811 1229/653/811
f 1229/653/812 1230/652/812 1232/654/812 1231/655/812
f 1231/655/813 1232/654/813 1234/656/813 1233/657/813
f 1233/657/814 1234/656/814 1236/658/814 1235/659/814
f 1235/659/815 1236/658/815 1238/660/815 1237/661/815
f 1237/661/816 1238/660/816 1240/662/816 1239/663/816
f 1239/663/817 1240/662/817 1242/664/817 1241/665/817
f 1241/665/818 1242/664/818 1244/666/818 1243/667/818
f 1243/667/819 1244/666/819 1246/668/819 1245/669/819
f 1245/669/820 1246/668/820 1248/670/820 1247/671/820
f 1247/671/821 1248/670/821 1250/672/821 1249/673/821
f 1249/673/822 1250/672/822 1252/674/822 1251/675/822
f 1251/675/823 1252/674/823 1254/676/823 1253/677/823
f 1253/677/824 1254/676/824 1256/678/824 1255/679/824
f 1255/679/825 1256/678/825 1258/680/825 1257/681/825
f 1257/681/826 1258/680/826 1260/682/826 1259/683/826
f 1259/683/827 1260/682/827 1262/684/827 1261/685/827
f 1261/685/828 1262/684/828 1264/686/828 1263/687/828
f 1263/687/829 1264/686/829 1266/688/829 1265/689/829
f 1265/689/830 1266/688/830 1268/690/830 1267/691/830
f 1267/691/831 1268/690/831 1270/692/831 1269/693/831
f 1269/693/832 1270/692/832 1272/694/832 1271/695/832
f 1271/695/833 1272/694/833 1274/696/833 1273/697/833
f 1273/697/834 1274/696/834 1276/698/834 1275/699/834
f 1275/699/835 1276/698/835 1278/700/835 1277/701/835
f 1277/701/836 1278/700/836 1280/702/836 1279/703/836
f 1279/703/837 1280/702/837 1282/704/837 1281/705/837
f 1281/705/838 1282/704/838 1284/706/838 1283/707/838
f 1283/707/839 1284/706/839 1286/708/839 1285/709/839
f 1285/709/840 1286/708/840 1288/710/840 1287/711/840
f 1287/711/841 1288/710/841 1290/712/841 1289/713/841
f 1289/713/842 1290/712/842 1292/714/842 1291/715/842
f 1291/715/843 1292/714/843 1294/716/843 1293/717/843
f 1293/717/844 1294/716/844 1296/718/844 1295/719/844
f 1295/719/845 1296/718/845 1298/720/845 1297/721/845
f 1297/721/846 1298/720/846 1300/722/846 1299/723/846
f 1299/723/847 1300/722/847 1302/724/847 1301/725/847
f 1301/725/848 1302/724/848 1304/726/848 1303/727/848
f 1303/727/849 1304/726/849 1306/728/849 1305/729/849
f 1305/729/850 1306/728/850 1308/730/850 1307/731/850
f 1307/731/851 1308/730/851 1310/732/851 1309/733/851
f 1309/733/852 1310/732/852 1312/734/852 1311/735/852
f 1311/735/853 1312/734/853 1314/736/853 1313/737/853
f 1313/737/854 1314/736/854 1316/738/854 1315/739/854
f 1315/739/855 1316/738/855 1318/740/855 1317/741/855
f 1317/741/856 1318/740/856 1320/742/856 1319/743/856
f 1319/743/857 1320/742/857 1322/744/857 1321/745/857
f 1321/745/858 1322/744/858 1324/746/858 1323/747/858
f 1323/747/859 1324/746/859 1326/748/859 1325/749/859
f 1325/749/860 1326/748/860 1328/750/860 1327/751/860
f 1327/751/861 1328/750/861 1330/752/861 1329/753/861
f 1329/753/862 1330/752/862 1332/754/862 1331/755/862
f 1331/755/863 1332/754/863 1334/756/863 1333/757/863
f 1333/757/864 1334/756/864 1336/758/864 1335/759/864
f 1335/759/865 1336/758/865 1338/760/865 1337/761/865
f 1337/761/866 1338/760/866 1340/762/866 1339/763/866
f 1339/763/867 1340/762/867 1342/764/867 1341/765/867
f 1341/765/868 1342/764/868 1344/766/868 1343/767/868
f 1343/767/869 1344/766/869 1346/768/869 1345/769/869
f 1345/769/870 1346/768/870 1348/770/870 1347/771/870
f 1347/771/871 1348/770/871 1350/772/871 1349/773/871
f 1349/773/872 1350/772/872 1352/774/872 1351/775/872
f 1351/775/873 1352/774/873 1354/776/873 1353/777/873
f 1353/777/874 1354/776/874 1356/778/874 1355/779/874
f 1355/779/875 1356/778/875 1358/780/875 1357/781/875
f 1357/781/876 1358/780/876 1360/782/876 1359/783/876
f 1359/783/877 1360/782/877 1362/784/877 1361/785/877
f 1361/785/878 1362/784/878 1364/786/878 1363/787/878
f 1363/787/879 1364/786/879 1366/788/879 1365/789/879
f 1365/789/880 1366/788/880 1368/790/880 1367/791/880
f 1367/791/881 1368/790/881 1370/792/881 1369/793/881
f 1369/793/882 1370/792/882 1372/794/882 1371/795/882
f 1371/795/883 1372/794/883 1374/796/883 1373/797/883
f 1373/797/884 1374/796/884 1376/798/884 1375/799/884
f 1375/799/885 1376/798/885 1378/800/885 1377/801/885
f 1377/801/886 1378/800/886 1380/802/886 1379/803/886
f 1379/803/887 1380/802/887 1382/804/887 1381/805/887
f 1381/805/888 1382/804/888 1384/806/888 1383/807/888
f 1383/807/889 1384/806/889 1386/808/889 1385/809/889
f 1385/809/890 1386/808/890 1388/810/890 1387/811/890
f 1387/811/891 1388/810/891 1390/812/891 1389/813/891
f 1389/813/892 1390/812/892 1392/814/892 1391/815/892
f 1391/815/893 1392/814/893 1394/816/893 1393/817/893
f 1393/817/894 1394/816/894 1396/818/894 1395/819/894
f 1395/819/895 1396/818/895 1398/820/895 1397/821/895
f 1397/821/896 1398/820/896 1400/822/896 1399/823/896
f 1399/823/897 1400/822/897 1402/824/897 1401/825/897
f 1401/825/898 1402/824/898 1404/826/898 1403/827/898
f 1403/827/899 1404/826/899 1406/828/899 1405/829/899
f 1405/829/900 1406/828/900 1408/830/900 1407/831/900
f 1407/831/901 1408/830/901 1410/832/901 1409/833/901
f 1409/833/902 1410/832/902 1412/834/902 1411/835/902
f 1411/835/903 1412/834/903 1414/836/903 1413/837/903
f 1220/838/504 1218/839/504 1416/840/504 1414/841/504 1412/842/504 1410/843/504 1408/844/504 1406/845/504 1404/846/504 1402/847/504 1400/848/504 1398/849/504 1396/850/504 1394/851/504 1392/852/504 1390/853/504 1388/854/504 1386/855/504 1384/856/504 1382/857/504 1380/858/504 1378/859/504 1376/860/504 1374/861/504 1372/862/504 1370/863/504 1368/864/504 1366/865/504 1364/866/504 1362/867/504 1360/868/504 1358/869/504 1356/870/504 1354/871/504 1352/872/504 1350/873/504 1348/874/504 1346/875/504 1344/876/504 1342/877/504 1340/878/504 1338/879/504 1336/880/504 1334/881/504 1332/882/504 1330/883/504 1328/884/504 1326/885/504 1324/886/504 1322/887/504 1320/888/504 1318/889/504 1316/890/504 1314/891/504 1312/892/504 1310/893/504 1308/894/504 1306/895/504 1304/896/504 1302/897/504 1300/898/504 1298/899/504 1296/900/504 1294/901/504 1292/902/504 1290/903/504 1288/904/504 1286/905/504 1284/906/504 1282/907/504 1280/908/504 1278/909/504 1276/910/504 1274/911/504 1272/912/504 1270/913/504 1268/914/504 1266/915/504 1264/916/504 1262/917/504 1260/918/504 1258/919/504 1256/920/504 1254/921/504 1252/922/504 1250/923/504 1248/924/504 1246/925/504 1244/926/504 1242/927/504 1240/928/504 1238/929/504 1236/930/504 1234/931/504 1232/932/504 1230/933/504 1228/934/504 1226/935/504 1224/936/504 1222/937/504
f 1413/837/904 1414/836/904 1416/938/904 1415/939/904
f 1415/939/905 1416/938/905 1218/940/905 1217/941/905
f 1331/755/906 1333/757/906 1475/757/906 1474/755/906
f 1443/693/882 1444/695/882 1544/695/882 1543/693/882
f 1297/721/907 1299/723/907 1458/723/907 1457/721/907
f 1263/687/908 1265/689/908 1441/689/908 1440/687/908
f 1229/653/909 1231/655/909 1424/655/909 1423/653/909
f 1401/825/910 1403/827/910 1510/827/910 1509/825/910
f 1367/791/911 1369/793/911 1493/793/911 1492/791/911
f 1333/757/906 1335/759/906 1476/759/906 1475/757/906
f 1299/723/907 1301/725/907 1459/725/907 1458/723/907
f 1265/689/908 1267/691/908 1442/691/908 1441/689/908
f 1231/655/909 1233/657/909 1425/657/909 1424/655/909
f 1403/827/910 1405/829/910 1511/829/910 1510/827/910
f 1369/793/911 1371/795/911 1494/795/911 1493/793/911
f 1335/759/906 1337/761/906 1477/761/906 1476/759/906
f 1301/725/907 1303/727/907 1460/727/907 1459/725/907
f 1267/691/908 1269/693/908 1443/693/908 1442/691/908
f 1233/657/909 1235/659/909 1426/659/909 1425/657/909
f 1405/829/910 1407/831/910 1512/831/910 1511/829/910
f 1371/795/911 1373/797/911 1495/797/911 1494/795/911
f 1337/761/912 1339/763/912 1478/763/912 1477/761/912
f 1303/727/907 1305/729/907 1461/729/907 1460/727/907
f 1269/693/908 1271/695/908 1444/695/908 1443/693/908
f 1235/659/909 1237/661/909 1427/661/909 1426/659/909
f 1407/831/910 1409/833/910 1513/833/910 1512/831/910
f 1373/797/913 1375/799/913 1496/799/913 1495/797/913
f 1339/763/912 1341/765/912 1479/765/912 1478/763/912
f 1305/729/907 1307/731/907 1462/731/907 1461/729/907
f 1271/695/908 1273/697/908 1445/697/908 1444/695/908
f 1237/661/914 1239/663/914 1428/663/914 1427/661/914
f 1409/833/915 1411/835/915 1514/835/915 1513/833/915
f 1375/799/916 1377/801/916 1497/801/916 1496/799/916
f 1341/765/912 1343/767/912 1480/767/912 1479/765/912
f 1307/731/907 1309/733/907 1463/733/907 1462/731/907
f 1273/697/917 1275/699/917 1446/699/917 1445/697/917
f 1239/663/914 1241/665/914 1429/665/914 1428/663/914
f 1411/835/918 1413/837/918 1515/837/918 1514/835/918
f 1377/801/916 1379/803/916 1498/803/916 1497/801/916
f 1343/767/912 1345/769/912 1481/769/912 1480/767/912
f 1309/733/919 1311/735/919 1464/735/919 1463/733/919
f 1275/699/920 1277/701/920 1447/701/920 1446/699/920
f 1241/665/914 1243/667/914 1430/667/914 1429/665/914
f 1413/837/918 1415/939/918 1516/939/918 1515/837/918
f 1379/803/916 1381/805/916 1499/805/916 1498/803/916
f 1345/769/912 1347/771/912 1482/771/912 1481/769/912
f 1311/735/921 1313/737/921 1465/737/921 1464/735/921
f 1277/701/920 1279/703/920 1448/703/920 1447/701/920
f 1243/667/914 1245/669/914 1431/669/914 1430/667/914
f 1415/939/918 1217/941/918 1417/941/918 1516/939/918
f 1381/805/916 1383/807/916 1500/807/916 1499/805/916
f 1347/771/922 1349/773/922 1483/773/922 1482/771/922
f 1313/737/921 1315/739/921 1466/739/921 1465/737/921
f 1279/703/920 1281/705/920 1449/705/920 1448/703/920
f 1245/669/914 1247/671/914 1432/671/914 1431/669/914
f 1383/807/916 1385/809/916 1501/809/916 1500/807/916
f 1349/773/922 1351/775/922 1484/775/922 1483/773/922
f 1315/739/921 1317/741/921 1467/741/921 1466/739/921
f 1281/705/920 1283/707/920 1450/707/920 1449/705/920
f 1247/671/923 1249/673/923 1433/673/923 1432/671/923
f 1385/809/916 1387/811/916 1502/811/916 1501/809/916
f 1351/775/922 1353/777/922 1485/777/922 1484/775/922
f 1317/741/921 1319/743/921 1468/743/921 1467/741/921
f 1283/707/920 1285/709/920 1451/709/920 1450/707/920
f 1249/673/923 1251/675/923 1434/675/923 1433/673/923
f 1387/811/924 1389/813/924 1503/813/924 1502/811/924
f 1353/777/922 1355/779/922 1486/779/922 1485/777/922
f 1319/743/921 1321/745/921 1469/745/921 1468/743/921
f 1217/640/918 1219/643/918 1418/643/918 1417/640/918
f 1285/709/920 1287/711/920 1452/711/920 1451/709/920
f 1251/675/923 1253/677/923 1435/677/923 1434/675/923
f 1389/813/924 1391/815/924 1504/815/924 1503/813/924
f 1355/779/922 1357/781/922 1487/781/922 1486/779/922
f 1321/745/921 1323/747/921 1470/747/921 1469/745/921
f 1287/711/925 1289/713/925 1453/713/925 1452/711/925
f 1253/677/923 1255/679/923 1436/679/923 1435/677/923
f 1219/643/918 1221/645/918 1419/645/918 1418/643/918
f 1391/815/924 1393/817/924 1505/817/924 1504/815/924
f 1357/781/922 1359/783/922 1488/783/922 1487/781/922
f 1323/747/926 1325/749/926 1471/749/926 1470/747/926
f 1289/713/925 1291/715/925 1454/715/925 1453/713/925
f 1255/679/923 1257/681/923 1437/681/923 1436/679/923
f 1221/645/918 1223/647/918 1420/647/918 1419/645/918
f 1393/817/924 1395/819/924 1506/819/924 1505/817/924
f 1359/783/927 1361/785/927 1489/785/927 1488/783/927
f 1325/749/906 1327/751/906 1472/751/906 1471/749/906
f 1291/715/925 1293/717/925 1455/717/925 1454/715/925
f 1257/681/923 1259/683/923 1438/683/923 1437/681/923
f 1223/647/928 1225/649/928 1421/649/928 1420/647/928
f 1395/819/924 1397/821/924 1507/821/924 1506/819/924
f 1361/785/911 1363/787/911 1490/787/911 1489/785/911
f 1327/751/906 1329/753/906 1473/753/906 1472/751/906
f 1293/717/925 1295/719/925 1456/719/925 1455/717/925
f 1259/683/929 1261/685/929 1439/685/929 1438/683/929
f 1225/649/909 1227/651/909 1422/651/909 1421/649/909
f 1397/821/910 1399/823/910 1508/823/910 1507/821/910
f 1363/787/911 1365/789/911 1491/789/911 1490/787/911
f 1329/753/906 1331/755/906 1474/755/906 1473/753/906
f 1295/719/925 1297/721/925 1457/721/925 1456/719/925
f 1261/685/908 1263/687/908 1440/687/908 1439/685/908
f 1227/651/909 1229/653/909 1423/653/909 1422/651/909
f 1399/823/910 1401/825/910 1509/825/910 1508/823/910
f 1365/789/911 1367/791/911 1492/791/911 1491/789/911
f 1495/797/834 1496/799/834 1596/799/834 1595/797/834
f 1444/695/883 1445/697/883 1545/697/883 1544/695/883
f 1496/799/835 1497/801/835 1597/801/835 1596/799/835
f 1445/697/884 1446/699/884 1546/699/884 1545/697/884
f 1497/801/836 1498/803/836 1598/803/836 1597/801/836
f 1446/699/885 1447/701/885 1547/701/885 1546/699/885
f 1498/803/837 1499/805/837 1599/805/837 1598/803/837
f 1447/701/886 1448/703/886 1548/703/886 1547/701/886
f 1499/805/838 1500/807/838 1600/807/838 1599/805/838
f 1448/703/887 1449/705/887 1549/705/887 1548/703/887
f 1500/807/839 1501/809/839 1601/809/839 1600/807/839
f 1449/705/888 1450/707/888 1550/707/888 1549/705/888
f 1501/809/840 1502/811/840 1602/811/840 1601/809/840
f 1450/707/889 1451/709/889 1551/709/889 1550/707/889
f 1502/811/841 1503/813/841 1603/813/841 1602/811/841
f 1451/709/890 1452/711/890 1552/711/890 1551/709/890
f 1503/813/842 1504/815/842 1604/815/842 1603/813/842
f 1452/711/891 1453/713/891 1553/713/891 1552/711/891
f 1504/815/843 1505/817/843 1605/817/843 1604/815/843
f 1453/713/892 1454/715/892 1554/715/892 1553/713/892
f 1505/817/844 1506/819/844 1606/819/844 1605/817/844
f 1454/715/893 1455/717/893 1555/717/893 1554/715/893
f 1506/819/845 1507/821/845 1607/821/845 1606/819/845
f 1455/717/894 1456/719/894 1556/719/894 1555/717/894
f 1507/821/846 1508/823/846 1608/823/846 1607/821/846
f 1456/719/895 1457/721/895 1557/721/895 1556/719/895
f 1508/823/847 1509/825/847 1609/825/847 1608/823/847
f 1457/721/896 1458/723/896 1558/723/896 1557/721/896
f 1509/825/848 1510/827/848 1610/827/848 1609/825/848
f 1458/723/897 1459/725/897 1559/725/897 1558/723/897
f 1510/827/849 1511/829/849 1611/829/849 1610/827/849
f 1459/725/898 1460/727/898 1560/727/898 1559/725/898
f 1511/829/850 1512/831/850 1612/831/850 1611/829/850
f 1460/727/899 1461/729/899 1561/729/899 1560/727/899
f 1512/831/851 1513/833/851 1613/833/851 1612/831/851
f 1461/729/900 1462/731/900 1562/731/900 1561/729/900
f 1513/833/852 1514/835/852 1614/835/852 1613/833/852
f 1462/731/901 1463/733/901 1563/733/901 1562/731/901
f 1514/835/853 1515/837/853 1615/837/853 1614/835/853
f 1463/733/902 1464/735/902 1564/735/902 1563/733/902
f 1515/837/854 1516/939/854 1616/939/854 1615/837/854
f 1464/735/903 1465/737/903 1565/737/903 1564/735/903
f 1516/939/855 1417/941/855 1517/941/855 1616/939/855
f 1465/737/904 1466/739/904 1566/739/904 1565/737/904
f 1466/739/905 1467/741/905 1567/741/905 1566/739/905
f 1467/741/806 1468/743/806 1568/743/806 1567/741/806
f 1468/743/807 1469/745/807 1569/745/807 1568/743/807
f 1417/640/856 1418/643/856 1518/643/856 1517/640/856
f 1469/745/808 1470/747/808 1570/747/808 1569/745/808
f 1418/643/857 1419/645/857 1519/645/857 1518/643/857
f 1470/747/809 1471/749/809 1571/749/809 1570/747/809
f 1419/645/858 1420/647/858 1520/647/858 1519/645/858
f 1471/749/810 1472/751/810 1572/751/810 1571/749/810
f 1420/647/859 1421/649/859 1521/649/859 1520/647/859
f 1472/751/811 1473/753/811 1573/753/811 1572/751/811
f 1421/649/860 1422/651/860 1522/651/860 1521/649/860
f 1473/753/812 1474/755/812 1574/755/812 1573/753/812
f 1422/651/861 1423/653/861 1523/653/861 1522/651/861
f 1474/755/813 1475/757/813 1575/757/813 1574/755/813
f 1423/653/862 1424/655/862 1524/655/862 1523/653/862
f 1475/757/814 1476/759/814 1576/759/814 1575/757/814
f 1424/655/863 1425/657/863 1525/657/863 1524/655/863
f 1476/759/815 1477/761/815 1577/761/815 1576/759/815
f 1425/657/864 1426/659/864 1526/659/864 1525/657/864
f 1477/761/816 1478/763/816 1578/763/816 1577/761/816
f 1426/659/865 1427/661/865 1527/661/865 1526/659/865
f 1478/763/817 1479/765/817 1579/765/817 1578/763/817
f 1427/661/866 1428/663/866 1528/663/866 1527/661/866
f 1479/765/818 1480/767/818 1580/767/818 1579/765/818
f 1428/663/867 1429/665/867 1529/665/867 1528/663/867
f 1480/767/819 1481/769/819 1581/769/819 1580/767/819
f 1429/665/868 1430/667/868 1530/667/868 1529/665/868
f 1481/769/820 1482/771/820 1582/771/820 1581/769/820
f 1430/667/869 1431/669/869 1531/669/869 1530/667/869
f 1482/771/821 1483/773/821 1583/773/821 1582/771/821
f 1431/669/870 1432/671/870 1532/671/870 1531/669/870
f 1483/773/822 1484/775/822 1584/775/822 1583/773/822
f 1432/671/871 1433/673/871 1533/673/871 1532/671/871
f 1484/775/823 1485/777/823 1585/777/823 1584/775/823
f 1433/673/872 1434/675/872 1534/675/872 1533/673/872
f 1485/777/824 1486/779/824 1586/779/824 1585/777/824
f 1434/675/873 1435/677/873 1535/677/873 1534/675/873
f 1486/779/825 1487/781/825 1587/781/825 1586/779/825
f 1435/677/874 1436/679/874 1536/679/874 1535/677/874
f 1487/781/826 1488/783/826 1588/783/826 1587/781/826
f 1436/679/875 1437/681/875 1537/681/875 1536/679/875
f 1488/783/827 1489/785/827 1589/785/827 1588/783/827
f 1437/681/876 1438/683/876 1538/683/876 1537/681/876
f 1489/785/828 1490/787/828 1590/787/828 1589/785/828
f 1438/683/877 1439/685/877 1539/685/877 1538/683/877
f 1490/787/829 1491/789/829 1591/789/829 1590/787/829
f 1439/685/878 1440/687/878 1540/687/878 1539/685/878
f 1491/789/830 1492/791/830 1592/791/830 1591/789/830
f 1440/687/879 1441/689/879 1541/689/879 1540/687/879
f 1492/791/831 1493/793/831 1593/793/831 1592/791/831
f 1441/689/880 1442/691/880 1542/691/880 1541/689/880
f 1493/793/832 1494/795/832 1594/795/832 1593/793/832
f 1442/691/881 1443/693/881 1543/693/881 1542/691/881
f 1494/795/833 1495/797/833 1595/797/833 1594/795/833
f 1819/942/3 1718/943/3 1016/638/3 408/638/3
f 712/4/930 714/159/930 715/161/930 716/163/930 717/165/930 718/167/930 719/169/930 720/171/930 721/173/930 722/175/930 723/177/930 724/179/930 725/181/930 726/183/930 727/185/930 728/187/930 729/189/930 730/191/930 731/193/930 732/195/930 733/197/930 734/199/930 735/201/930 736/203/930 737/205/930 738/207/930 739/209/930 740/211/930 741/213/930 742/215/930 743/217/930 744/219/930 745/221/930 746/223/930 747/225/930 748/227/930 749/229/930 750/231/930 751/233/930 752/235/930 753/237/930 754/239/930 755/241/930 756/243/930 757/245/930 758/247/930 759/249/930 760/251/930 761/253/930 762/255/930 763/257/930 764/259/930 765/260/930 766/261/930 767/263/930 768/265/930 769/266/930 770/268/930 771/270/930 772/271/930 773/272/930 774/273/930 775/275/930 776/277/930 777/279/930 778/281/930 779/282/930 780/284/930 781/286/930 782/287/930 783/289/930 784/291/930 785/293/930 786/295/930 787/297/930 788/299/930 789/300/930 790/302/930 791/304/930 792/306/930 793/308/930 794/310/930 795/312/930 796/314/930 797/315/930 798/317/930 799/318/930 800/320/930 801/321/930 802/322/930 803/324/930 804/326/930 805/328/930 806/329/930 807/330/930 808/331/930 809/332/930 810/333/930 811/335/930 812/336/930 713/337/930 1/158/930 105/337/930 204/336/930 203/335/930 202/333/930 201/332/930 200/331/930 199/330/930 198/329/930 197/328/930 196/326/930 195/324/930 194/322/930 193/321/930 192/320/930 191/318/930 190/317/930 189/315/930 188/314/930 187/312/930 186/310/930 185/308/930 184/306/930 183/304/930 182/302/930 181/300/930 180/299/930 179/297/930 178/295/930 177/293/930 176/291/930 175/289/930 174/287/930 173/286/930 172/284/930 171/282/930 170/281/930 169/279/930 168/277/930 167/275/930 166/273/930 165/272/930 164/271/930 163/270/930 162/268/930 161/266/930 160/265/930 159/263/930 158/261/930 157/260/930 156/259/930 155/257/930 154/255/930 153/253/930 152/251/930 151/249/930 150/247/930 149/245/930 148/243/930 147/241/930 146/239/930 145/237/930 144/235/930 143/233/930 142/231/930 141/229/930 140/227/930 139/225/930 138/223/930 137/221/930 136/219/930 135/217/930 134/215/930 133/213/930 132/211/930 131/209/930 130/207/930 129/205/930 128/203/930 127/201/930 126/199/930 125/197/930 124/195/930 123/193/930 122/191/930 121/189/930 120/187/930 119/185/930 118/183/930 117/181/930 116/179/930 115/177/930 114/175/930 113/173/930 112/171/930 111/169/930 110/167/930 109/165/930 108/163/930 107/161/930 106/159/930 104/4/930 307/4/930 2133/944/930 2095/945/930 2111/946/930 2109/947/930 2117/948/930 2099/949/930 2093/950/930 2097/951/930 2107/952/930 2065/953/930 2067/954/930 2069/955/930 2083/956/930 2081/957/930 2063/958/930 2073/959/930 2071/960/930 2051/961/930 2029/962/930 2037/963/930 2031/964/930 2043/965/930 2033/966/930 2025/967/930 2027/968/930 2021/969/930 2023/970/930 2053/971/930 2039/972/930 2046/973/930 2042/974/930 2048/975/930 2036/976/930 2050/977/930 2076/978/930 2088/979/930 2086/980/930 2056/981/930 2058/982/930 2078/983/930 2080/984/930 2062/985/930 2060/986/930 2106/987/930 2090/988/930 2102/989/930 2104/990/930 2092/991/930 2114/992/930 2116/993/930 2136/994/930 915/4/930
f 1601/809/1 1602/811/1 1603/813/1 1604/815/1 1605/817/1 1606/819/1 1607/821/1 1608/823/1 1609/825/1 1610/827/1 1611/829/1 1612/831/1 1613/833/1 1614/835/1 1615/837/1 1616/939/1 1517/941/1 1518/643/1 1519/645/1 1520/647/1 1521/649/1 1522/651/1 1523/653/1 1524/655/1 1525/657/1 1526/659/1 1527/661/1 1528/663/1 1529/665/1 1530/667/1 1719/995/1 1820/996/1
f 1551/709/1 1552/711/1 1553/713/1 1554/715/1 1555/717/1 1556/719/1 1557/721/1 1558/723/1 1559/725/1 1560/727/1 1561/729/1 1562/731/1 1563/733/1 1564/735/1 1565/737/1 1566/739/1 1567/741/1 1568/743/1 1569/745/1 1570/747/1 1571/749/1 1572/751/1 1573/753/1 1574/755/1 1575/757/1 1576/759/1 1577/761/1 1578/763/1 1579/765/1 1580/767/1 1581/769/1 1582/771/1 1583/773/1 1584/775/1 1618/997/1 1920/998/1
f 1530/667/1 1531/669/1 1532/671/1 1533/673/1 1534/675/1 1535/677/1 1536/679/1 1537/681/1 1538/683/1 1539/685/1 1540/687/1 1541/689/1 1542/691/1 1543/693/1 1544/695/1 1545/697/1 1546/699/1 1547/701/1 1548/703/1 1549/705/1 1550/707/1 1551/709/1 1920/998/1 1719/995/1
f 1819/942/2 408/638/2 509/537/2 1617/999/2
f 1921/1000/505 1117/537/505 1016/638/505 1718/943/505
f 1921/1000/931 2020/1001/931 1619/1002/931 1617/999/931
f 2020/1001/932 2019/1003/932 1620/1004/932 1619/1002/932
f 2019/1003/933 2018/1005/933 1621/1006/933 1620/1004/933
f 2018/1005/934 2017/1007/934 1622/1008/934 1621/1006/934
f 2017/1007/935 2016/1009/935 1623/1010/935 1622/1008/935
f 2016/1009/936 2015/1011/936 1624/1012/936 1623/1010/936
f 2015/1011/937 2014/1013/937 1625/1014/937 1624/1012/937
f 2014/1013/938 2013/1015/938 1626/1016/938 1625/1014/938
f 2013/1015/939 2012/1017/939 1627/1018/939 1626/1016/939
f 2012/1017/940 2011/1019/940 1628/1020/940 1627/1018/940
f 2011/1019/941 2010/1021/941 1629/1022/941 1628/1020/941
f 2010/1021/942 2009/1023/942 1630/1024/942 1629/1022/942
f 2009/1023/943 2008/1025/943 1631/1026/943 1630/1024/943
f 2008/1025/944 2007/1027/944 1632/1028/944 1631/1026/944
f 2007/1027/945 2006/1029/945 1633/1030/945 1632/1028/945
f 2006/1029/946 2005/1031/946 1634/1032/946 1633/1030/946
f 2005/1031/947 2004/1033/947 1635/1034/947 1634/1032/947
f 2004/1033/948 2003/1035/948 1636/1036/948 1635/1034/948
f 2003/1035/949 2002/1037/949 1637/1038/949 1636/1036/949
f 2002/1037/950 2001/1039/950 1638/1040/950 1637/1038/950
f 2001/1039/951 2000/1041/951 1639/1042/951 1638/1040/951
f 2000/1041/952 1999/1043/952 1640/1044/952 1639/1042/952
f 1999/1043/953 1998/1045/953 1641/1046/953 1640/1044/953
f 1998/1045/954 1997/1047/954 1642/1048/954 1641/1046/954
f 1997/1047/955 1996/1049/955 1643/1050/955 1642/1048/955
f 1996/1049/956 1995/1051/956 1644/1052/956 1643/1050/956
f 1995/1051/957 1994/1053/957 1645/1054/957 1644/1052/957
f 1994/1053/958 1993/1055/958 1646/1056/958 1645/1054/958
f 1993/1055/959 1992/1057/959 1647/1058/959 1646/1056/959
f 1992/1057/960 1991/1059/960 1648/1060/960 1647/1058/960
f 1991/1059/961 1990/1061/961 1649/1062/961 1648/1060/961
f 1990/1061/962 1989/1063/962 1650/1064/962 1649/1062/962
f 1989/1063/963 1988/1065/963 1651/1066/963 1650/1064/963
f 1988/1065/964 1987/1067/964 1652/1068/964 1651/1066/964
f 1987/1067/965 1986/1069/965 1653/1070/965 1652/1068/965
f 1986/1069/966 1985/1071/966 1654/1072/966 1653/1070/966
f 1985/1071/967 1984/1073/967 1655/1074/967 1654/1072/967
f 1984/1073/968 1983/1075/968 1656/1076/968 1655/1074/968
f 1983/1075/969 1982/1077/969 1657/1078/969 1656/1076/969
f 1982/1077/970 1981/1079/970 1658/1080/970 1657/1078/970
f 1981/1079/971 1980/1081/971 1659/1082/971 1658/1080/971
f 1980/1081/972 1979/1083/972 1660/1084/972 1659/1082/972
f 1979/1083/973 1978/1085/973 1661/1086/973 1660/1084/973
f 1978/1085/974 1977/1087/974 1662/1088/974 1661/1086/974
f 1977/1087/975 1976/1089/975 1663/1090/975 1662/1088/975
f 1976/1089/976 1975/1091/976 1664/1092/976 1663/1090/976
f 1975/1091/977 1974/1093/977 1665/1094/977 1664/1092/977
f 1974/1093/978 1973/1095/978 1666/1096/978 1665/1094/978
f 1973/1095/979 1972/1097/979 1667/1098/979 1666/1096/979
f 1972/1097/980 1971/1099/980 1668/1100/980 1667/1098/980
f 1971/1099/981 1970/1101/981 1669/1102/981 1668/1100/981
f 1970/1101/982 1969/1103/982 1670/1104/982 1669/1102/982
f 1969/1103/983 1968/1105/983 1671/1106/983 1670/1104/983
f 1968/1105/984 1967/1107/984 1672/1108/984 1671/1106/984
f 1967/1107/985 1966/1109/985 1673/1110/985 1672/1108/985
f 1966/1109/986 1965/1111/986 1674/1112/986 1673/1110/986
f 1965/1111/987 1964/1113/987 1675/1114/987 1674/1112/987
f 1964/1113/988 1963/1115/988 1676/1116/988 1675/1114/988
f 1963/1115/989 1962/1117/989 1677/1118/989 1676/1116/989
f 1962/1117/990 1961/1119/990 1678/1120/990 1677/1118/990
f 1961/1119/991 1960/1121/991 1679/1122/991 1678/1120/991
f 1960/1121/992 1959/1123/992 1680/1124/992 1679/1122/992
f 1959/1123/993 1958/1125/993 1681/1126/993 1680/1124/993
f 1958/1125/994 1957/1127/994 1682/1128/994 1681/1126/994
f 1957/1127/995 1956/1129/995 1683/1130/995 1682/1128/995
f 1956/1129/996 1955/1131/996 1684/1132/996 1683/1130/996
f 1955/1131/997 1954/1133/997 1685/1134/997 1684/1132/997
f 1954/1133/998 1953/1135/998 1686/1136/998 1685/1134/998
f 1953/1135/999 1952/1137/999 1687/1138/999 1686/1136/999
f 1952/1137/1000 1951/1139/1000 1688/1140/1000 1687/1138/1000
f 1951/1139/1001 1950/1141/1001 1689/1142/1001 1688/1140/1001
f 1950/1141/1002 1949/1143/1002 1690/1144/1002 1689/1142/1002
f 1949/1143/1003 1948/1145/1003 1691/1146/1003 1690/1144/1003
f 1948/1145/1004 1947/1147/1004 1692/1148/1004 1691/1146/1004
f 1947/1147/1005 1946/1149/1005 1693/1150/1005 1692/1148/1005
f 1946/1149/1006 1945/1151/1006 1694/1152/1006 1693/1150/1006
f 1945/1151/1007 1944/1153/1007 1695/1154/1007 1694/1152/1007
f 1944/1153/1008 1943/1155/1008 1696/1156/1008 1695/1154/1008
f 1943/1155/1009 1942/1157/1009 1697/1158/1009 1696/1156/1009
f 1942/1157/1010 1941/1159/1010 1698/1160/1010 1697/1158/1010
f 1941/1159/1011 1940/1161/1011 1699/1162/1011 1698/1160/1011
f 1940/1161/1012 1939/1163/1012 1700/1164/1012 1699/1162/1012
f 1939/1163/1013 1938/1165/1013 1701/1166/1013 1700/1164/1013
f 1938/1165/1014 1937/1167/1014 1702/1168/1014 1701/1166/1014
f 1937/1167/1015 1936/1169/1015 1703/1170/1015 1702/1168/1015
f 1936/1169/1016 1935/1171/1016 1704/1172/1016 1703/1170/1016
f 1935/1171/1017 1934/1173/1017 1705/1174/1017 1704/1172/1017
f 1934/1173/1018 1933/1175/1018 1706/1176/1018 1705/1174/1018
f 1933/1175/1019 1932/1177/1019 1707/1178/1019 1706/1176/1019
f 1932/1177/1020 1931/1179/1020 1708/1180/1020 1707/1178/1020
f 1931/1179/1021 1930/1181/1021 1709/1182/1021 1708/1180/1021
f 1930/1181/1022 1929/1183/1022 1710/1184/1022 1709/1182/1022
f 1929/1183/1023 1928/1185/1023 1711/1186/1023 1710/1184/1023
f 1928/1185/1024 1927/1187/1024 1712/1188/1024 1711/1186/1024
f 1927/1187/1025 1926/1189/1025 1713/1190/1025 1712/1188/1025
f 1926/1189/1026 1925/1191/1026 1714/1192/1026 1713/1190/1026
f 1925/1191/1027 1924/1193/1027 1715/1194/1027 1714/1192/1027
f 1924/1193/1028 1923/1195/1028 1716/1196/1028 1715/1194/1028
f 1923/1195/1029 1922/1197/1029 1717/1198/1029 1716/1196/1029
f 1922/1197/1030 1920/998/1030 1618/997/1030 1717/1198/1030
f 1617/999/1031 1619/1002/1031 1821/1199/1031 1819/942/1031
f 1619/1002/1032 1620/1004/1032 1822/1200/1032 1821/1199/1032
f 1620/1004/1033 1621/1006/1033 1823/1201/1033 1822/1200/1033
f 1621/1006/1034 1622/1008/1034 1824/1202/1034 1823/1201/1034
f 1622/1008/1035 1623/1010/1035 1825/1203/1035 1824/1202/1035
f 1623/1010/1036 1624/1012/1036 1826/1204/1036 1825/1203/1036
f 1624/1012/1037 1625/1014/1037 1827/1205/1037 1826/1204/1037
f 1625/1014/1038 1626/1016/1038 1828/1206/1038 1827/1205/1038
f 1626/1016/1039 1627/1018/1039 1829/1207/1039 1828/1206/1039
f 1627/1018/1040 1628/1020/1040 1830/1208/1040 1829/1207/1040
f 1628/1020/1041 1629/1022/1041 1831/1209/1041 1830/1208/1041
f 1629/1022/1042 1630/1024/1042 1832/1210/1042 1831/1209/1042
f 1630/1024/1043 1631/1026/1043 1833/1211/1043 1832/1210/1043
f 1631/1026/1044 1632/1028/1044 1834/1212/1044 1833/1211/1044
f 1632/1028/1045 1633/1030/1045 1835/1213/1045 1834/1212/1045
f 1633/1030/1046 1634/1032/1046 1836/1214/1046 1835/1213/1046
f 1634/1032/1047 1635/1034/1047 1837/1215/1047 1836/1214/1047
f 1635/1034/1048 1636/1036/1048 1838/1216/1048 1837/1215/1048
f 1636/1036/1049 1637/1038/1049 1839/1217/1049 1838/1216/1049
f 1637/1038/1050 1638/1040/1050 1840/1218/1050 1839/1217/1050
f 1638/1040/1051 1639/1042/1051 1841/1219/1051 1840/1218/1051
f 1639/1042/1052 1640/1044/1052 1842/1220/1052 1841/1219/1052
f 1640/1044/1053 1641/1046/1053 1843/1221/1053 1842/1220/1053
f 1641/1046/1054 1642/1048/1054 1844/1222/1054 1843/1221/1054
f 1642/1048/1055 1643/1050/1055 1845/1223/1055 1844/1222/1055
f 1643/1050/1056 1644/1052/1056 1846/1224/1056 1845/1223/1056
f 1644/1052/1057 1645/1054/1057 1847/1225/1057 1846/1224/1057
f 1645/1054/1058 1646/1056/1058 1848/1226/1058 1847/1225/1058
f 1646/1056/1059 1647/1058/1059 1849/1227/1059 1848/1226/1059
f 1647/1058/1060 1648/1060/1060 1850/1228/1060 1849/1227/1060
f 1648/1060/1061 1649/1062/1061 1851/1229/1061 1850/1228/1061
f 1649/1062/1062 1650/1064/1062 1852/1230/1062 1851/1229/1062
f 1650/1064/1063 1651/1066/1063 1853/1231/1063 1852/1230/1063
f 1651/1066/1064 1652/1068/1064 1854/1232/1064 1853/1231/1064
f 1652/1068/1065 1653/1070/1065 1855/1233/1065 1854/1232/1065
f 1653/1070/1066 1654/1072/1066 1856/1234/1066 1855/1233/1066
f 1654/1072/1067 1655/1074/1067 1857/1235/1067 1856/1234/1067
f 1655/1074/1068 1656/1076/1068 1858/1236/1068 1857/1235/1068
f 1656/1076/1069 1657/1078/1069 1859/1237/1069 1858/1236/1069
f 1657/1078/1070 1658/1080/1070 1860/1238/1070 1859/1237/1070
f 1658/1080/1071 1659/1082/1071 1861/1239/1071 1860/1238/1071
f 1659/1082/1072 1660/1084/1072 1862/1240/1072 1861/1239/1072
f 1660/1084/1073 1661/1086/1073 1863/1241/1073 1862/1240/1073
f 1661/1086/1074 1662/1088/1074 1864/1242/1074 1863/1241/1074
f 1662/1088/1075 1663/1090/1075 1865/1243/1075 1864/1242/1075
f 1663/1090/1076 1664/1092/1076 1866/1244/1076 1865/1243/1076
f 1664/1092/1077 1665/1094/1077 1867/1245/1077 1866/1244/1077
f 1665/1094/1078 1666/1096/1078 1868/1246/1078 1867/1245/1078
f 1666/1096/1079 1667/1098/1079 1869/1247/1079 1868/1246/1079
f 1667/1098/1080 1668/1100/1080 1870/1248/1080 1869/1247/1080
f 1668/1100/1081 1669/1102/1081 1871/1249/1081 1870/1248/1081
f 1669/1102/148 1670/1104/148 1872/1250/148 1871/1249/148
f 1670/1104/1082 1671/1106/1082 1873/1251/1082 1872/1250/1082
f 1671/1106/1083 1672/1108/1083 1874/1252/1083 1873/1251/1083
f 1672/1108/1084 1673/1110/1084 1875/1253/1084 1874/1252/1084
f 1673/1110/1085 1674/1112/1085 1876/1254/1085 1875/1253/1085
f 1674/1112/1086 1675/1114/1086 1877/1255/1086 1876/1254/1086
f 1675/1114/1087 1676/1116/1087 1878/1256/1087 1877/1255/1087
f 1676/1116/1088 1677/1118/1088 1879/1257/1088 1878/1256/1088
f 1677/1118/1089 1678/1120/1089 1880/1258/1089 1879/1257/1089
f 1678/1120/1090 1679/1122/1090 1881/1259/1090 1880/1258/1090
f 1679/1122/1091 1680/1124/1091 1882/1260/1091 1881/1259/1091
f 1680/1124/1092 1681/1126/1092 1883/1261/1092 1882/1260/1092
f 1681/1126/1093 1682/1128/1093 1884/1262/1093 1883/1261/1093
f 1682/1128/1094 1683/1130/1094 1885/1263/1094 1884/1262/1094
f 1683/1130/1095 1684/1132/1095 1886/1264/1095 1885/1263/1095
f 1684/1132/1096 1685/1134/1096 1887/1265/1096 1886/1264/1096
f 1685/1134/1097 1686/1136/1097 1888/1266/1097 1887/1265/1097
f 1686/1136/1098 1687/1138/1098 1889/1267/1098 1888/1266/1098
f 1687/1138/1099 1688/1140/1099 1890/1268/1099 1889/1267/1099
f 1688/1140/1100 1689/1142/1100 1891/1269/1100 1890/1268/1100
f 1689/1142/1101 1690/1144/1101 1892/1270/1101 1891/1269/1101
f 1690/1144/1102 1691/1146/1102 1893/1271/1102 1892/1270/1102
f 1691/1146/1103 1692/1148/1103 1894/1272/1103 1893/1271/1103
f 1692/1148/1104 1693/1150/1104 1895/1273/1104 1894/1272/1104
f 1693/1150/1105 1694/1152/1105 1896/1274/1105 1895/1273/1105
f 1694/1152/1106 1695/1154/1106 1897/1275/1106 1896/1274/1106
f 1695/1154/1107 1696/1156/1107 1898/1276/1107 1897/1275/1107
f 1696/1156/1108 1697/1158/1108 1899/1277/1108 1898/1276/1108
f 1697/1158/1109 1698/1160/1109 1900/1278/1109 1899/1277/1109
f 1698/1160/1110 1699/1162/1110 1901/1279/1110 1900/1278/1110
f 1699/1162/1111 1700/1164/1111 1902/1280/1111 1901/1279/1111
f 1700/1164/1112 1701/1166/1112 1903/1281/1112 1902/1280/1112
f 1701/1166/1113 1702/1168/1113 1904/1282/1113 1903/1281/1113
f 1702/1168/1114 1703/1170/1114 1905/1283/1114 1904/1282/1114
f 1703/1170/1115 1704/1172/1115 1906/1284/1115 1905/1283/1115
f 1704/1172/1116 1705/1174/1116 1907/1285/1116 1906/1284/1116
f 1705/1174/1117 1706/1176/1117 1908/1286/1117 1907/1285/1117
f 1706/1176/1118 1707/1178/1118 1909/1287/1118 1908/1286/1118
f 1707/1178/1119 1708/1180/1119 1910/1288/1119 1909/1287/1119
f 1708/1180/1120 1709/1182/1120 1911/1289/1120 1910/1288/1120
f 1709/1182/1121 1710/1184/1121 1912/1290/1121 1911/1289/1121
f 1710/1184/1122 1711/1186/1122 1913/1291/1122 1912/1290/1122
f 1711/1186/1123 1712/1188/1123 1914/1292/1123 1913/1291/1123
f 1712/1188/1124 1713/1190/1124 1915/1293/1124 1914/1292/1124
f 1713/1190/1125 1714/1192/1125 1916/1294/1125 1915/1293/1125
f 1714/1192/1126 1715/1194/1126 1917/1295/1126 1916/1294/1126
f 1715/1194/1127 1716/1196/1127 1918/1296/1127 1917/1295/1127
f 1716/1196/1128 1717/1198/1128 1919/1297/1128 1918/1296/1128
f 1717/1198/1129 1618/997/1129 1820/996/1129 1919/1297/1129
f 1819/942/1130 1821/1199/1130 1720/1298/1130 1718/943/1130
f 1821/1199/1131 1822/1200/1131 1721/1299/1131 1720/1298/1131
f 1822/1200/1132 1823/1201/1132 1722/1300/1132 1721/1299/1132
f 1823/1201/1133 1824/1202/1133 1723/1301/1133 1722/1300/1133
f 1824/1202/1134 1825/1203/1134 1724/1302/1134 1723/1301/1134
f 1825/1203/1135 1826/1204/1135 1725/1303/1135 1724/1302/1135
f 1826/1204/1136 1827/1205/1136 1726/1304/1136 1725/1303/1136
f 1827/1205/1137 1828/1206/1137 1727/1305/1137 1726/1304/1137
f 1828/1206/1138 1829/1207/1138 1728/1306/1138 1727/1305/1138
f 1829/1207/1139 1830/1208/1139 1729/1307/1139 1728/1306/1139
f 1830/1208/1140 1831/1209/1140 1730/1308/1140 1729/1307/1140
f 1831/1209/1141 1832/1210/1141 1731/1210/1141 1730/1308/1141
f 1832/1210/1142 1833/1211/1142 1732/1309/1142 1731/1210/1142
f 1833/1211/1143 1834/1212/1143 1733/1310/1143 1732/1309/1143
f 1834/1212/1144 1835/1213/1144 1734/1311/1144 1733/1310/1144
f 1835/1213/1145 1836/1214/1145 1735/1312/1145 1734/1311/1145
f 1836/1214/1146 1837/1215/1146 1736/1313/1146 1735/1312/1146
f 1837/1215/1147 1838/1216/1147 1737/1314/1147 1736/1313/1147
f 1838/1216/1148 1839/1217/1148 1738/1315/1148 1737/1314/1148
f 1839/1217/1149 1840/1218/1149 1739/1316/1149 1738/1315/1149
f 1840/1218/1150 1841/1219/1150 1740/1317/1150 1739/1316/1150
f 1841/1219/1151 1842/1220/1151 1741/1318/1151 1740/1317/1151
f 1842/1220/1152 1843/1221/1152 1742/1319/1152 1741/1318/1152
f 1843/1221/1153 1844/1222/1153 1743/1222/1153 1742/1319/1153
f 1844/1222/1154 1845/1223/1154 1744/1320/1154 1743/1222/1154
f 1845/1223/1155 1846/1224/1155 1745/1321/1155 1744/1320/1155
f 1846/1224/1156 1847/1225/1156 1746/1322/1156 1745/1321/1156
f 1847/1225/1157 1848/1226/1157 1747/1323/1157 1746/1322/1157
f 1848/1226/1158 1849/1227/1158 1748/1324/1158 1747/1323/1158
f 1849/1227/1159 1850/1228/1159 1749/1325/1159 1748/1324/1159
f 1850/1228/1160 1851/1229/1160 1750/1326/1160 1749/1325/1160
f 1851/1229/1161 1852/1230/1161 1751/1327/1161 1750/1326/1161
f 1852/1230/1162 1853/1231/1162 1752/1328/1162 1751/1327/1162
f 1853/1231/1163 1854/1232/1163 1753/1329/1163 1752/1328/1163
f 1854/1232/1164 1855/1233/1164 1754/1330/1164 1753/1329/1164
f 1855/1233/1165 1856/1234/1165 1755/1331/1165 1754/1330/1165
f 1856/1234/1166 1857/1235/1166 1756/1332/1166 1755/1331/1166
f 1857/1235/1167 1858/1236/1167 1757/1333/1167 1756/1332/1167
f 1858/1236/1168 1859/1237/1168 1758/1334/1168 1757/1333/1168
f 1859/1237/1169 1860/1238/1169 1759/1335/1169 1758/1334/1169
f 1860/1238/1170 1861/1239/1170 1760/1336/1170 1759/1335/1170
f 1861/1239/1171 1862/1240/1171 1761/1337/1171 1760/1336/1171
f 1862/1240/1172 1863/1241/1172 1762/1338/1172 1761/1337/1172
f 1863/1241/1173 1864/1242/1173 1763/1339/1173 1762/1338/1173
f 1864/1242/1174 1865/1243/1174 1764/1340/1174 1763/1339/1174
f 1865/1243/1175 1866/1244/1175 1765/1341/1175 1764/1340/1175
f 1866/1244/1176 1867/1245/1176 1766/1342/1176 1765/1341/1176
f 1867/1245/1177 1868/1246/1177 1767/1343/1177 1766/1342/1177
f 1868/1246/1178 1869/1247/1178 1768/1344/1178 1767/1343/1178
f 1869/1247/1179 1870/1248/1179 1769/1345/1179 1768/1344/1179
f 1870/1248/1180 1871/1249/1180 1770/1346/1180 1769/1345/1180
f 1871/1249/1181 1872/1250/1181 1771/1347/1181 1770/1346/1181
f 1872/1250/1182 1873/1251/1182 1772/1348/1182 1771/1347/1182
f 1873/1251/1183 1874/1252/1183 1773/1349/1183 1772/1348/1183
f 1874/1252/1184 1875/1253/1184 1774/1350/1184 1773/1349/1184
f 1875/1253/1185 1876/1254/1185 1775/1351/1185 1774/1350/1185
f 1876/1254/1186 1877/1255/1186 1776/1352/1186 1775/1351/1186
f 1877/1255/1187 1878/1256/1187 1777/1353/1187 1776/1352/1187
f 1878/1256/1188 1879/1257/1188 1778/1354/1188 1777/1353/1188
f 1879/1257/1189 1880/1258/1189 1779/1355/1189 1778/1354/1189
f 1880/1258/1190 1881/1259/1190 1780/1356/1190 1779/1355/1190
f 1881/1259/1191 1882/1260/1191 1781/1357/1191 1780/1356/1191
f 1882/1260/1192 1883/1261/1192 1782/1358/1192 1781/1357/1192
f 1883/1261/1193 1884/1262/1193 1783/1359/1193 1782/1358/1193
f 1884/1262/1194 1885/1263/1194 1784/1360/1194 1783/1359/1194
f 1885/1263/1195 1886/1264/1195 1785/1361/1195 1784/1360/1195
f 1886/1264/1196 1887/1265/1196 1786/1362/1196 1785/1361/1196
f 1887/1265/1197 1888/1266/1197 1787/1363/1197 1786/1362/1197
f 1888/1266/1198 1889/1267/1198 1788/1364/1198 1787/1363/1198
f 1889/1267/1199 1890/1268/1199 1789/1365/1199 1788/1364/1199
f 1890/1268/1200 1891/1269/1200 1790/1366/1200 1789/1365/1200
f 1891/1269/1201 1892/1270/1201 1791/1367/1201 1790/1366/1201
f 1892/1270/1202 1893/1271/1202 1792/1368/1202 1791/1367/1202
f 1893/1271/1203 1894/1272/1203 1793/1369/1203 1792/1368/1203
f 1894/1272/1204 1895/1273/1204 1794/1370/1204 1793/1369/1204
f 1895/1273/1205 1896/1274/1205 1795/1371/1205 1794/1370/1205
f 1896/1274/1206 1897/1275/1206 1796/1372/1206 1795/1371/1206
f 1897/1275/1207 1898/1276/1207 1797/1373/1207 1796/1372/1207
f 1898/1276/1208 1899/1277/1208 1798/1374/1208 1797/1373/1208
f 1899/1277/1209 1900/1278/1209 1799/1375/1209 1798/1374/1209
f 1900/1278/1210 1901/1279/1210 1800/1376/1210 1799/1375/1210
f 1901/1279/1211 1902/1280/1211 1801/1377/1211 1800/1376/1211
f 1902/1280/1212 1903/1281/1212 1802/1378/1212 1801/1377/1212
f 1903/1281/1213 1904/1282/1213 1803/1379/1213 1802/1378/1213
f 1904/1282/1214 1905/1283/1214 1804/1380/1214 1803/1379/1214
f 1905/1283/1215 1906/1284/1215 1805/1381/1215 1804/1380/1215
f 1906/1284/1216 1907/1285/1216 1806/1382/1216 1805/1381/1216
f 1907/1285/1217 1908/1286/1217 1807/1383/1217 1806/1382/1217
f 1908/1286/1218 1909/1287/1218 1808/1384/1218 1807/1383/1218
f 1909/1287/1219 1910/1288/1219 1809/1385/1219 1808/1384/1219
f 1910/1288/1220 1911/1289/1220 1810/1386/1220 1809/1385/1220
f 1911/1289/1221 1912/1290/1221 1811/1387/1221 1810/1386/1221
f 1912/1290/1222 1913/1291/1222 1812/1388/1222 1811/1387/1222
f 1913/1291/1223 1914/1292/1223 1813/1389/1223 1812/1388/1223
f 1914/1292/1224 1915/1293/1224 1814/1390/1224 1813/1389/1224
f 1915/1293/1225 1916/1294/1225 1815/1391/1225 1814/1390/1225
f 1916/1294/1226 1917/1295/1226 1816/1392/1226 1815/1391/1226
f 1917/1295/1227 1918/1296/1227 1817/1393/1227 1816/1392/1227
f 1918/1296/1228 1919/1297/1228 1818/1394/1228 1817/1393/1228
f 1919/1297/1229 1820/996/1229 1719/995/1229 1818/1394/1229
f 1718/943/1230 1720/1298/1230 2020/1001/1230 1921/1000/1230
f 1720/1298/1231 1721/1299/1231 2019/1003/1231 2020/1001/1231
f 1721/1299/1232 1722/1300/1232 2018/1005/1232 2019/1003/1232
f 1722/1300/1233 1723/1301/1233 2017/1007/1233 2018/1005/1233
f 1723/1301/1234 1724/1302/1234 2016/1009/1234 2017/1007/1234
f 1724/1302/1235 1725/1303/1235 2015/1011/1235 2016/1009/1235
f 1725/1303/1236 1726/1304/1236 2014/1013/1236 2015/1011/1236
f 1726/1304/1237 1727/1305/1237 2013/1015/1237 2014/1013/1237
f 1727/1305/1238 1728/1306/1238 2012/1017/1238 2013/1015/1238
f 1728/1306/1239 1729/1307/1239 2011/1019/1239 2012/1017/1239
f 1729/1307/1240 1730/1308/1240 2010/1021/1240 2011/1019/1240
f 1730/1308/1241 1731/1210/1241 2009/1023/1241 2010/1021/1241
f 1731/1210/1242 1732/1309/1242 2008/1025/1242 2009/1023/1242
f 1732/1309/1243 1733/1310/1243 2007/1027/1243 2008/1025/1243
f 1733/1310/1244 1734/1311/1244 2006/1029/1244 2007/1027/1244
f 1734/1311/1245 1735/1312/1245 2005/1031/1245 2006/1029/1245
f 1735/1312/1246 1736/1313/1246 2004/1033/1246 2005/1031/1246
f 1736/1313/1247 1737/1314/1247 2003/1035/1247 2004/1033/1247
f 1737/1314/1248 1738/1315/1248 2002/1037/1248 2003/1035/1248
f 1738/1315/1249 1739/1316/1249 2001/1039/1249 2002/1037/1249
f 1739/1316/1250 1740/1317/1250 2000/1041/1250 2001/1039/1250
f 1740/1317/1251 1741/1318/1251 1999/1043/1251 2000/1041/1251
f 1741/1318/1252 1742/1319/1252 1998/1045/1252 1999/1043/1252
f 1742/1319/1253 1743/1222/1253 1997/1047/1253 1998/1045/1253
f 1743/1222/1254 1744/1320/1254 1996/1049/1254 1997/1047/1254
f 1744/1320/1255 1745/1321/1255 1995/1051/1255 1996/1049/1255
f 1745/1321/1256 1746/1322/1256 1994/1053/1256 1995/1051/1256
f 1746/1322/1257 1747/1323/1257 1993/1055/1257 1994/1053/1257
f 1747/1323/1258 1748/1324/1258 1992/1057/1258 1993/1055/1258
f 1748/1324/1259 1749/1325/1259 1991/1059/1259 1992/1057/1259
f 1749/1325/1260 1750/1326/1260 1990/1061/1260 1991/1059/1260
f 1750/1326/1261 1751/1327/1261 1989/1063/1261 1990/1061/1261
f 1751/1327/1262 1752/1328/1262 1988/1065/1262 1989/1063/1262
f 1752/1328/1263 1753/1329/1263 1987/1067/1263 1988/1065/1263
f 1753/1329/1264 1754/1330/1264 1986/1069/1264 1987/1067/1264
f 1754/1330/1265 1755/1331/1265 1985/1071/1265 1986/1069/1265
f 1755/1331/1266 1756/1332/1266 1984/1073/1266 1985/1071/1266
f 1756/1332/1267 1757/1333/1267 1983/1075/1267 1984/1073/1267
f 1757/1333/1268 1758/1334/1268 1982/1077/1268 1983/1075/1268
f 1758/1334/1269 1759/1335/1269 1981/1079/1269 1982/1077/1269
f 1759/1335/1270 1760/1336/1270 1980/1081/1270 1981/1079/1270
f 1760/1336/1271 1761/1337/1271 1979/1083/1271 1980/1081/1271
f 1761/1337/1272 1762/1338/1272 1978/1085/1272 1979/1083/1272
f 1762/1338/1273 1763/1339/1273 1977/1087/1273 1978/1085/1273
f 1763/1339/1274 1764/1340/1274 1976/1089/1274 1977/1087/1274
f 1764/1340/1275 1765/1341/1275 1975/1091/1275 1976/1089/1275
f 1765/1341/1276 1766/1342/1276 1974/1093/1276 1975/1091/1276
f 1766/1342/1277 1767/1343/1277 1973/1095/1277 1974/1093/1277
f 1767/1343/1278 1768/1344/1278 1972/1097/1278 1973/1095/1278
f 1768/1344/1279 1769/1345/1279 1971/1099/1279 1972/1097/1279
f 1769/1345/1280 1770/1346/1280 1970/1101/1280 1971/1099/1280
f 1770/1346/649 1771/1347/649 1969/1103/649 1970/1101/649
f 1771/1347/1281 1772/1348/1281 1968/1105/1281 1969/1103/1281
f 1772/1348/1282 1773/1349/1282 1967/1107/1282 1968/1105/1282
f 1773/1349/1283 1774/1350/1283 1966/1109/1283 1967/1107/1283
f 1774/1350/1284 1775/1351/1284 1965/1111/1284 1966/1109/1284
f 1775/1351/1285 1776/1352/1285 1964/1113/1285 1965/1111/1285
f 1776/1352/1286 1777/1353/1286 1963/1115/1286 1964/1113/1286
f 1777/1353/1287 1778/1354/1287 1962/1117/1287 1963/1115/1287
f 1778/1354/1288 1779/1355/1288 1961/1119/1288 1962/1117/1288
f 1779/1355/1289 1780/1356/1289 1960/1121/1289 1961/1119/1289
f 1780/1356/1290 1781/1357/1290 1959/1123/1290 1960/1121/1290
f 1781/1357/1291 1782/1358/1291 1958/1125/1291 1959/1123/1291
f 1782/1358/1292 1783/1359/1292 1957/1127/1292 1958/1125/1292
f 1783/1359/1293 1784/1360/1293 1956/1129/1293 1957/1127/1293
f 1784/1360/1294 1785/1361/1294 1955/1131/1294 1956/1129/1294
f 1785/1361/1295 1786/1362/1295 1954/1133/1295 1955/1131/1295
f 1786/1362/1296 1787/1363/1296 1953/1135/1296 1954/1133/1296
f 1787/1363/1297 1788/1364/1297 1952/1137/1297 1953/1135/1297
f 1788/1364/1298 1789/1365/1298 1951/1139/1298 1952/1137/1298
f 1789/1365/1299 1790/1366/1299 1950/1141/1299 1951/1139/1299
f 1790/1366/1300 1791/1367/1300 1949/1143/1300 1950/1141/1300
f 1791/1367/1301 1792/1368/1301 1948/1145/1301 1949/1143/1301
f 1792/1368/1302 1793/1369/1302 1947/1147/1302 1948/1145/1302
f 1793/1369/1303 1794/1370/1303 1946/1149/1303 1947/1147/1303
f 1794/1370/1304 1795/1371/1304 1945/1151/1304 1946/1149/1304
f 1795/1371/1305 1796/1372/1305 1944/1153/1305 1945/1151/1305
f 1796/1372/1306 1797/1373/1306 1943/1155/1306 1944/1153/1306
f 1797/1373/1307 1798/1374/1307 1942/1157/1307 1943/1155/1307
f 1798/1374/1308 1799/1375/1308 1941/1159/1308 1942/1157/1308
f 1799/1375/1309 1800/1376/1309 1940/1161/1309 1941/1159/1309
f 1800/1376/1310 1801/1377/1310 1939/1163/1310 1940/1161/1310
f 1801/1377/1311 1802/1378/1311 1938/1165/1311 1939/1163/1311
f 1802/1378/1312 1803/1379/1312 1937/1167/1312 1938/1165/1312
f 1803/1379/1313 1804/1380/1313 1936/1169/1313 1937/1167/1313
f 1804/1380/1314 1805/1381/1314 1935/1171/1314 1936/1169/1314
f 1805/1381/1315 1806/1382/1315 1934/1173/1315 1935/1171/1315
f 1806/1382/1316 1807/1383/1316 1933/1175/1316 1934/1173/1316
f 1807/1383/1317 1808/1384/1317 1932/1177/1317 1933/1175/1317
f 1808/1384/1318 1809/1385/1318 1931/1179/1318 1932/1177/1318
f 1809/1385/1319 1810/1386/1319 1930/1181/1319 1931/1179/1319
f 1810/1386/1320 1811/1387/1320 1929/1183/1320 1930/1181/1320
f 1811/1387/1321 1812/1388/1321 1928/1185/1321 1929/1183/1321
f 1812/1388/1322 1813/1389/1322 1927/1187/1322 1928/1185/1322
f 1813/1389/1323 1814/1390/1323 1926/1189/1323 1927/1187/1323
f 1814/1390/1324 1815/1391/1324 1925/1191/1324 1926/1189/1324
f 1815/1391/1325 1816/1392/1325 1924/1193/1325 1925/1191/1325
f 1816/1392/1326 1817/1393/1326 1923/1195/1326 1924/1193/1326
f 1817/1393/1327 1818/1394/1327 1922/1197/1327 1923/1195/1327
f 1818/1394/1328 1719/995/1328 1920/998/1328 1922/1197/1328
f 1617/999/930 509/537/930 1117/537/930 1921/1000/930
f 1584/775/1 1585/777/1 1586/779/1 1587/781/1 1588/783/1 1589/785/1 1590/787/1 1591/789/1 1592/791/1 1593/793/1 1594/795/1 1595/797/1 1596/799/1 1597/801/1 1598/803/1 1599/805/1 1600/807/1 1601/809/1 1820/996/1 1618/997/1
f 2094/1395/1329 2093/1396/1329 2099/1397/1329 2100/1398/1329
f 2045/1399/1330 2046/1400/1330 2039/1401/1330 2040/1402/1330
f 2200/1403/1331 2199/1404/1331 2203/1405/1331 2204/1406/1331
f 2100/1398/1332 2099/1397/1332 2117/1407/1332 2118/1408/1332
f 2174/1409/1333 2173/1410/1333 2183/1411/1333 2184/1412/1333
f 2127/1413/1334 2128/1414/1334 2124/1415/1334 2123/1416/1334
f 2121/1417/1335 2122/1418/1335 2120/1419/1335 2119/1420/1335
f 2135/1421/1336 2136/1422/1336 2116/1423/1336 2115/1424/1336
f 2068/1425/1337 2067/1426/1337 2065/1427/1337 2066/1428/1337
f 2143/1429/1338 2144/1430/1338 2136/1422/1338 2135/1421/1338
f 2150/1431/1339 2149/1432/1339 2141/1433/1339 2142/1434/1339
f 2079/1435/1340 2080/1436/1340 2078/1437/1340 2077/1438/1340
f 2091/1439/1341 2092/1440/1341 2104/1441/1341 2103/1442/1341
f 2047/1443/1342 2048/1444/1342 2042/1445/1342 2041/1446/1342
f 2210/1447/1343 2209/1448/1343 2205/1449/1343 2206/1450/1343
f 2129/1451/1344 2130/1452/1344 2144/1430/1344 2143/1429/1344
f 2164/1453/1345 2163/1454/1345 2177/1455/1345 2178/1456/1345
f 2194/1457/1346 2193/1458/1346 2157/1459/1346 2158/1460/1346
f 2220/1461/1347 2219/1462/1347 2209/1448/1347 2210/1447/1347
f 2166/1463/1348 2165/1464/1348 2173/1410/1348 2174/1409/1348
f 2108/1465/1349 2107/1466/1349 2097/1467/1349 2098/1468/1349
f 2188/1469/1350 2187/1470/1350 2189/1471/1350 2190/1472/1350
f 2140/1473/1351 2139/1474/1351 2147/1475/1351 2148/1476/1351
f 2115/1424/1352 2116/1423/1352 2114/1477/1352 2113/1478/1352
f 2082/1479/1353 2081/1480/1353 2083/1481/1353 2084/1482/1353
f 2113/1478/1354 2114/1477/1354 2092/1440/1354 2091/1439/1354
f 915/4/930 2136/994/930 2144/1483/930 2130/1484/930 2120/1485/930 2122/1486/930 2124/1487/930 2128/1488/930 2132/1489/930 2160/1490/930 2153/1491/930 2151/1492/930 2155/1493/930 2175/1494/930 2167/1495/930 2181/1496/930 2157/1497/930 2193/1498/930 2201/1499/930 2203/1500/930 2199/1501/930 2191/1502/930 2207/1503/930 2217/1504/930 2215/1505/930 2185/1506/930 2205/1507/930 2209/1508/930 2219/1509/930 2189/1510/930 2187/1511/930 2213/1512/930 2211/1513/930 2195/1514/930 2197/1515/930 2183/1516/930 2173/1517/930 2165/1518/930 2169/1519/930 2171/1520/930 2179/1521/930 2177/1522/930 2163/1523/930 2161/1524/930 2125/1525/930 2141/1526/930 2149/1527/930 2137/1528/930 2145/1529/930 2147/1530/930 2139/1531/930 2133/944/930 307/4/930 406/1532/930 405/1533/930 404/1534/930 403/1535/930 402/1536/930 401/1537/930 400/1538/930 399/1539/930 398/1540/930 397/1541/930 396/1542/930 395/1543/930 394/1544/930 393/1545/930 392/1546/930 391/1547/930 390/1548/930 389/1549/930 388/1550/930 387/1551/930 386/1552/930 385/1553/930 384/1554/930 383/1555/930 382/1556/930 381/1557/930 380/1558/930 379/1559/930 378/1560/930 377/1561/930 376/1562/930 375/1563/930 374/1564/930 373/1565/930 372/1566/930 371/1567/930 370/1568/930 369/1569/930 368/1570/930 367/1571/930 366/1572/930 365/1573/930 364/1574/930 363/1575/930 362/1576/930 361/1577/930 360/1578/930 359/1579/930 358/1580/930 357/1581/930 356/1582/930 355/260/930 354/261/930 353/263/930 352/1583/930 351/1584/930 350/268/930 349/1585/930 348/271/930 347/1586/930 346/1587/930 345/275/930 344/1588/930 343/1589/930 342/281/930 341/282/930 340/1590/930 339/286/930 338/1591/930 337/1592/930 336/1593/930 335/293/930 334/1594/930 333/297/930 332/1595/930 331/1596/930 330/302/930 329/1597/930 328/1598/930 327/1599/930 326/310/930 325/1600/930 324/1601/930 323/315/930 322/1602/930 321/318/930 320/1603/930 319/321/930 318/322/930 317/1604/930 316/326/930 315/1605/930 314/329/930 313/1606/930 312/1607/930 311/1608/930 310/1609/930 309/335/930 308/336/930 306/337/930 914/337/930 916/336/930 917/335/930 918/1609/930 919/1608/930 920/1607/930 921/1606/930 922/329/930 923/1605/930 924/326/930 925/1604/930 926/322/930 927/321/930 928/1603/930 929/318/930 930/1602/930 931/315/930 932/1601/930 933/1600/930 934/310/930 935/1599/930 936/1598/930 937/1597/930 938/302/930 939/1596/930 940/1595/930 941/297/930 942/1594/930 943/293/930 944/1593/930 945/1592/930 946/1591/930 947/286/930 948/1590/930 949/282/930 950/281/930 951/1589/930 952/1588/930 953/275/930 954/1587/930 955/1586/930 956/271/930 957/1585/930 958/268/930 959/1584/930 960/1583/930 961/263/930 962/261/930 963/260/930 964/1582/930 965/1581/930 966/1580/930 967/1579/930 968/1578/930 969/1577/930 970/1576/930 971/1575/930 972/1574/930 973/1573/930 974/1572/930 975/1571/930 976/1570/930 977/1569/930 978/1568/930 979/1567/930 980/1566/930 981/1565/930 982/1564/930 983/1563/930 984/1562/930 985/1561/930 986/1560/930 987/1559/930 988/1558/930 989/1557/930 990/1556/930 991/1555/930 992/1554/930 993/1553/930 994/1552/930 995/1551/930 996/1550/930 997/1549/930 998/1548/930 999/1547/930 1000/1546/930 1001/1545/930 1002/1544/930 1003/1543/930 1004/1542/930 1005/1541/930 1006/1540/930 1007/1539/930 1008/1538/930 1009/1537/930 1010/1536/930 1011/1535/930 1012/1534/930 1013/1533/930 1014/1532/930
f 2044/1610/1355 2043/1611/1355 2031/1612/1355 2032/1613/1355
f 2178/1456/1356 2177/1455/1356 2179/1614/1356 2180/1615/1356
f 2156/1616/1357 2155/1617/1357 2151/1618/1357 2152/1619/1357
f 2206/1450/1358 2205/1449/1358 2185/1620/1358 2186/1621/1358
f 2041/1446/1359 2042/1445/1359 2046/1400/1359 2045/1399/1359
f 2052/1622/1360 2051/1623/1360 2071/1624/1360 2072/1625/1360
f 2182/1626/1361 2181/1627/1361 2167/1628/1361 2168/1629/1361
f 2040/1402/1362 2039/1401/1362 2053/1630/1362 2054/1631/1362
f 2105/1632/1363 2106/1633/1363 2060/1634/1363 2059/1635/1363
f 2030/1636/1364 2029/1637/1364 2051/1623/1364 2052/1622/1364
f 2038/1638/1365 2037/1639/1365 2029/1637/1365 2030/1636/1365
f 2054/1631/1366 2053/1630/1366 2023/1640/1366 2024/1641/1366
f 2190/1472/1367 2189/1471/1367 2219/1462/1367 2220/1461/1367
f 2152/1619/1368 2151/1618/1368 2153/1642/1368 2154/1643/1368
f 2184/1412/1369 2183/1411/1369 2197/1644/1369 2198/1645/1369
f 2192/1646/1370 2191/1647/1370 2199/1404/1370 2200/1403/1370
f 2176/1648/1371 2175/1649/1371 2155/1617/1371 2156/1616/1371
f 2028/1650/1372 2027/1651/1372 2025/1652/1372 2026/1653/1372
f 2198/1645/1373 2197/1644/1373 2195/1654/1373 2196/1655/1373
f 2035/1656/1374 2036/1657/1374 2048/1444/1374 2047/1443/1374
f 2112/1658/1375 2111/1659/1375 2095/1660/1375 2096/1661/1375
f 2026/1653/1376 2025/1652/1376 2033/1662/1376 2034/1663/1376
f 2061/1664/1377 2062/1665/1377 2080/1436/1377 2079/1435/1377
f 2098/1468/1378 2097/1467/1378 2093/1396/1378 2094/1395/1378
f 2208/1666/1379 2207/1667/1379 2191/1647/1379 2192/1646/1379
f 2154/1643/1380 2153/1642/1380 2160/1668/1380 2159/1669/1380
f 2214/1670/1381 2213/1671/1381 2187/1470/1381 2188/1469/1381
f 2212/1672/1382 2211/1673/1382 2213/1671/1382 2214/1670/1382
f 2119/1420/1383 2120/1419/1383 2130/1452/1383 2129/1451/1383
f 2084/1482/1384 2083/1481/1384 2069/1674/1384 2070/1675/1384
f 2148/1476/1385 2147/1475/1385 2145/1676/1385 2146/1677/1385
f 2096/1661/1386 2095/1660/1386 2133/1678/1386 2134/1679/1386
f 2101/1680/1387 2102/1681/1387 2090/1682/1387 2089/1683/1387
f 2072/1625/1388 2071/1624/1388 2073/1684/1388 2074/1685/1388
f 2059/1635/1389 2060/1634/1389 2062/1665/1389 2061/1664/1389
f 2034/1663/1390 2033/1662/1390 2043/1611/1390 2044/1610/1390
f 2196/1655/1391 2195/1654/1391 2211/1673/1391 2212/1672/1391
f 2110/1686/1392 2109/1687/1392 2111/1659/1392 2112/1658/1392
f 2138/1688/1393 2137/1689/1393 2149/1432/1393 2150/1431/1393
f 2064/1690/1394 2063/1691/1394 2081/1480/1394 2082/1479/1394
f 2055/1692/1395 2056/1693/1395 2086/1694/1395 2085/1695/1395
f 2049/1696/1396 2050/1697/1396 2036/1657/1396 2035/1656/1396
f 2186/1621/1397 2185/1620/1397 2215/1698/1397 2216/1699/1397
f 2089/1683/1398 2090/1682/1398 2106/1633/1398 2105/1632/1398
f 2077/1438/1399 2078/1437/1399 2058/1700/1399 2057/1701/1399
f 2131/1702/1400 2132/1703/1400 2128/1414/1400 2127/1413/1400
f 2074/1685/1401 2073/1684/1401 2063/1691/1401 2064/1690/1401
f 2146/1677/1402 2145/1676/1402 2137/1689/1402 2138/1688/1402
f 2123/1416/1403 2124/1415/1403 2122/1418/1403 2121/1417/1403
f 2216/1699/1404 2215/1698/1404 2217/1704/1404 2218/1705/1404
f 2087/1706/1405 2088/1707/1405 2076/1708/1405 2075/1709/1405
f 2202/1710/1406 2201/1711/1406 2193/1458/1406 2194/1457/1406
f 2118/1408/1407 2117/1407/1407 2109/1687/1407 2110/1686/1407
f 2204/1406/1408 2203/1405/1408 2201/1711/1408 2202/1710/1408
f 2158/1460/1409 2157/1459/1409 2181/1627/1409 2182/1626/1409
f 2126/1712/1410 2125/1713/1410 2161/1714/1410 2162/1715/1410
f 2085/1695/1411 2086/1694/1411 2088/1707/1411 2087/1706/1411
f 2218/1705/1412 2217/1704/1412 2207/1667/1412 2208/1666/1412
f 2172/1716/1413 2171/1717/1413 2169/1718/1413 2170/1719/1413
f 2168/1629/1414 2167/1628/1414 2175/1649/1414 2176/1648/1414
f 2159/1669/1415 2160/1668/1415 2132/1703/1415 2131/1702/1415
f 2024/1641/1416 2023/1640/1416 2021/1720/1416 2022/1721/1416
f 2057/1701/1417 2058/1700/1417 2056/1693/1417 2055/1692/1417
f 2022/1722/1418 2021/1723/1418 2027/1651/1418 2028/1650/1418
f 2103/1442/1419 2104/1441/1419 2102/1681/1419 2101/1680/1419
f 2032/1613/1420 2031/1612/1420 2037/1639/1420 2038/1638/1420
f 2170/1719/1421 2169/1718/1421 2165/1464/1421 2166/1463/1421
f 2075/1709/1422 2076/1708/1422 2050/1697/1422 2049/1696/1422
f 2142/1434/1423 2141/1433/1423 2125/1713/1423 2126/1712/1423
f 2162/1715/1424 2161/1714/1424 2163/1454/1424 2164/1453/1424
f 813/3/3 2135/155/3 2115/1724/3 2113/1725/3 2091/1726/3 2103/1727/3 2101/1728/3 2089/1729/3 2105/1730/3 2059/1731/3 2061/1732/3 2079/1733/3 2077/1734/3 2057/1735/3 2055/1736/3 2085/1737/3 2087/1738/3 2075/1739/3 2049/1740/3 2035/1741/3 2047/1742/3 2041/1743/3 2045/1744/3 2040/1745/3 2054/1746/3 2024/1747/3 2022/1748/3 2028/1749/3 2026/1750/3 2034/1751/3 2044/1752/3 2032/1753/3 2038/1754/3 2030/1755/3 2052/1756/3 2072/1757/3 2074/1758/3 2064/1759/3 2082/1760/3 2084/1761/3 2070/1762/3 2068/1763/3 2066/1764/3 2108/1765/3 2098/1766/3 2094/1767/3 2100/1768/3 2118/1769/3 2110/1770/3 2112/1771/3 2096/1772/3 2134/105/3 205/3/3 4/3/3 103/160/3 102/162/3 101/164/3 100/166/3 99/168/3 98/170/3 97/172/3 96/174/3 95/176/3 94/178/3 93/180/3 92/182/3 91/184/3 90/186/3 89/188/3 88/190/3 87/192/3 86/194/3 85/196/3 84/198/3 83/200/3 82/202/3 81/204/3 80/206/3 79/208/3 78/210/3 77/212/3 76/214/3 75/216/3 74/218/3 73/220/3 72/222/3 71/224/3 70/226/3 69/228/3 68/230/3 67/232/3 66/234/3 65/236/3 64/238/3 63/240/3 62/242/3 61/244/3 60/246/3 59/248/3 58/250/3 57/252/3 56/254/3 55/256/3 54/258/3 53/54/3 52/53/3 51/262/3 50/264/3 49/50/3 48/267/3 47/269/3 46/47/3 45/46/3 44/45/3 43/274/3 42/276/3 41/278/3 40/280/3 39/40/3 38/283/3 37/285/3 36/37/3 35/288/3 34/290/3 33/292/3 32/294/3 31/296/3 30/298/3 29/30/3 28/301/3 27/303/3 26/305/3 25/307/3 24/309/3 23/311/3 22/313/3 21/22/3 20/316/3 19/20/3 18/319/3 17/18/3 16/17/3 15/323/3 14/325/3 13/327/3 12/13/3 11/12/3 10/11/3 9/10/3 8/9/3 7/334/3 6/7/3 5/6/3 3/5/3 2/639/3 611/5/3 613/6/3 614/7/3 615/334/3 616/9/3 617/10/3 618/11/3 619/12/3 620/13/3 621/327/3 622/325/3 623/323/3 624/17/3 625/18/3 626/319/3 627/20/3 628/316/3 629/22/3 630/313/3 631/311/3 632/309/3 633/307/3 634/305/3 635/303/3 636/301/3 637/30/3 638/298/3 639/296/3 640/294/3 641/292/3 642/290/3 643/288/3 644/37/3 645/285/3 646/283/3 647/40/3 648/280/3 649/278/3 650/276/3 651/274/3 652/45/3 653/46/3 654/47/3 655/269/3 656/267/3 657/50/3 658/264/3 659/262/3 660/53/3 661/54/3 662/258/3 663/256/3 664/254/3 665/252/3 666/250/3 667/248/3 668/246/3 669/244/3 670/242/3 671/240/3 672/238/3 673/236/3 674/234/3 675/232/3 676/230/3 677/228/3 678/226/3 679/224/3 680/222/3 681/220/3 682/218/3 683/216/3 684/214/3 685/212/3 686/210/3 687/208/3 688/206/3 689/204/3 690/202/3 691/200/3 692/198/3 693/196/3 694/194/3 695/192/3 696/190/3 697/188/3 698/186/3 699/184/3 700/182/3 701/180/3 702/178/3 703/176/3 704/174/3 705/172/3 706/170/3 707/168/3 708/166/3 709/164/3 710/162/3 711/160/3 612/3/3
f 2134/1679/1425 2133/1678/1425 2139/1474/1425 2140/1473/1425
f 2066/1428/1426 2065/1427/1426 2107/1466/1426 2108/1465/1426
f 2180/1615/1427 2179/1614/1427 2171/1717/1427 2172/1716/1427
f 2070/1675/1428 2069/1674/1428 2067/1426/1428 2068/1425/1428
